0,1,2,3,4,5,6,7,8,9,10,11,12,13,14,15,16,17,18,19,20,21,22,23,24,25,26,27,28,29,30,31,32,33,34,35,36,37,38,39,40,41,42,43,44,45,46,47,48,49,50,51,52,53,54,55,56,57,58,59,60,61,62,63,64,65,66,67,68,69,70,71,72,73,74,75,76,77,78,79,80,81,82,83,84,85,86,87,88,89,90,91,92,93,94,95,96,97,98,99,100,101,102,103,104,105,106,107,108,109,110,111,112,113,114,115,116,117,118,119,120,121,122,123,124,125,126,127,128,129,130,131,132,133,134,135,136,137,138,139,140,141,142,143,144,145,146,147,148,149,150,151,152,153,154,155,156,157,158,159
1.3991984570137967,1.3549812364890568,1.350169099549924,1.2988673875131083,1.2634324515300301,1.2628515556708633,1.2628515556708633,1.2585447874003093,1.254122969501935,1.2440322444474488,1.2436815471840825,1.2317222631540699,1.2317222631540699,1.2301563371933906,1.229804732006353,1.2282329512846069,1.2281746259511614,1.2133096542904933,1.213268943397453,1.2120538645449777,1.211342319808045,1.2113256285124583,1.210467632240468,1.2071816752845903,1.2065183451367847,1.2065183451367847,1.2063133388694622,1.205662443351514,1.2052053782600949,1.2052053782600949,1.2048328261201915,1.2010587051346224,1.1985684054620822,1.1983296762260252,1.1966273516125039,1.1961156686298462,1.1960767178905998,1.1960571649388576,1.1960571649388576,1.1985578842653195,1.198511504866963,1.1976065945109615,1.1975705191591188,1.19632792430985,1.1970569982090917,1.1958284370654289,1.1957352542401607,1.1956676198784835,1.195167186795698,1.195167186795698,1.1951472750865857,1.1951453055911372,1.1934106898373038,1.1894070422261294,1.1892982603125168,1.1879251843137546,1.1855146908751177,1.185145855962916,1.1855050863387053,1.1852318886556894,1.1852223399754864,1.183070642473577,1.1831726531454196,1.1831734092566815,1.1795895903620273,1.1795724037323818,1.1788379101223585,1.1787916582592322,1.177120110940249,1.177120110940249,1.1771884265184573,1.1763057100733474,1.1752367287051928,1.1750910173704274,1.1743498624977322,1.1750856971930836,1.1709016441256177,1.1703207000982752,1.1703908003525165,1.1703908003525165,1.167426763646405,1.167426763646405,1.164654292686981,1.164236582692515,1.1642660068051691,1.164239860466127,1.164175733433299,1.1641552153187333,1.1641016977514196,1.1634031593439054,1.1633256623979646,1.1633964652562738,1.1633964652562738,1.163386657169501,1.1632283685452975,1.1632283685452975,1.1632283685452975,1.16309232469559,1.1630960025836778,1.1631264071077607,1.1631264071077607,1.1631107634577318,1.161814973575231,1.1616304056574438,1.1616304056574438,1.1617769863341312,1.1618767263626222,1.1615151179128762,1.1610087143942436,1.1610087143942436,1.16099974063623,1.1610153255341285,1.1613356970420758,1.1614857620533128,1.1612401922400206,1.1612463321777142,1.161133985273434,1.1611685518886292,1.1607999427935316,1.1605798350794347,1.1599080325223783,1.1596456319692174,1.1593959198039199,1.158725824607287,1.1593631365192962,1.1599394267902814,1.1599296271680097,1.1577833021800992,1.1573143908745631,1.1568201181768514,1.156560347051724,1.1565432625735619,1.1562664956993025,1.156252332944388,1.156252332944388,1.156527787161151,1.1566789145413872,1.1566918871820466,1.1568136085060539,1.1568053783438057,1.156824260199872,1.156824260199872,1.1565912044859732,1.1565912044859732,1.1564632942894726,1.1564452106644996,1.1564452106644996,1.1568885779847409,1.156877093101389,1.1567556813793878,1.1568925979181486,1.1563455619205512,1.1563813327657704,1.1551394262015195,1.154671773894712,1.1546327336796922,1.1550054514039407,1.1549994203943659,1.1549838042257903,1.155014863776435
1.2193881331619296,1.2168584889457277,1.1561295432806344,1.1556595398632872,1.1096105153238476,1.1096105153238476,1.1096105153238476,1.1087645129385628,1.1081810733230912,1.0857251979594436,1.0815088845244047,1.0813967753118587,1.0811062995808627,1.0811062995808627,1.0811062995808627,1.080991370903714,1.0809633226025188,1.079011398021369,1.0741525501613396,1.0729012401315827,1.073058138642602,1.072975727500027,1.0710431718401923,1.068864902859722,1.055717060943985,1.055717060943985,1.0550547847426828,1.0549707049849861,1.054952004550448,1.0513533458319875,1.0511119954918795,1.0508048847477243,1.044170068400674,1.043653893080029,1.0431107013815581,1.027815530164772,1.0264793673909485,1.026498326992201,1.026498326992201,1.025171072128322,1.024419587635771,1.0151498279790176,1.0151749431767703,1.0103219266604522,1.0094480957370102,1.0086639501573331,1.00929389583475,1.0075409463409002,1.0074244309259583,1.0088298522342756,1.0088298522342756,1.008790609871859,1.001496547580947,1.001496547580947,1.001459235211973,1.001459235211973,1.001459235211973,1.0010101361847452,0.9993205657952203,0.9994730427815144,0.9994730427815144,0.9994648975912434,0.9993995758318334,0.9993995758318334,0.9993995758318334,0.9966663770795068,0.998355947469032,0.998355947469032,1.0022998083443064,1.0017970535939822,1.0017970535939822,0.9992485757258979,0.999233447297588,0.9992406212985727,0.9952984049143676,0.9952731434789358,0.9946928889898667,0.9873850547461988,0.9871273898795276,0.9861072898740787,0.9929448055834096,0.9917313776654028,0.9917313776654028,0.9910487879204906,0.9831342462887608,0.9820578095879233,0.9765742071163481,0.9725759686492027,0.9725667344218393,0.9725667344218393,0.972541587019363,0.9730770867770382,0.9732915593501329,0.9758978097177681,0.9756272539504699,0.9748340039161927,0.9750698024287363,0.9750364495272529,0.9748953545597313,0.9706905814654624,0.9706905814654624,0.9647211450635346,0.9528801251645468,0.9515457080822607,0.9515241327563191,0.9514965024284778,0.9514965024284778,0.9522734965227736,0.9522734965227736,0.9523548373113198,0.9532266110253745,0.9499394126650136,0.9499394126650136,0.9498462069143251,0.9492176801153597,0.9507307408983461,0.9507335684791252,0.9487626825622968,0.9455567371516479,0.9414615204518206,0.9407558482197294,0.9407334960976818,0.9407547937456106,0.9399529949100556,0.9394329416073319,0.9391496509380894,0.9391496509380894,0.9391244207548007,0.9391244207548007,0.9390128389250642,0.9390128389250642,0.9418430846940564,0.9409969902981197,0.9409969902981197,0.9410431727640413,0.9410106750759476,0.9408948326720515,0.9405300381986073,0.9401204035093261,0.9372166780647002,0.9372166780647002,0.9372166780647002,0.936545308763837,0.936545308763837,0.9366393797070343,0.9368373917390741,0.9368373917390741,0.9366267209415535,0.9366267209415535,0.9361250799432608,0.9361250799432608,0.9361250799432608,0.9342036511317448,0.934643743130385,0.9300306548262879,0.9245915589459248,0.9245915589459248,0.9245915589459248,0.9245915589459248,0.9233361155339805
0.8199311042451124,0.7522090903482868,0.7478684294469286,0.7425720721607314,0.7314663430575785,0.7283438615168547,0.7251794382109752,0.6781588518167274,0.6745029714536459,0.6623636896821984,0.6577217453245282,0.6562424684029742,0.651127310907345,0.630518720479668,0.6270193285398492,0.6235171465537992,0.6177472446098997,0.6175721045144291,0.6175002318713806,0.6090322426901547,0.6060665582252355,0.6029689076271851,0.6009148472536677,0.5915528807195147,0.5889055930968269,0.5887259122361318,0.5886930612987836,0.588710725198541,0.5884175645239088,0.584989508033499,0.5854097475706492,0.5687952867142864,0.5592157330585128,0.5592485154673484,0.5592485154673484,0.5593018724864501,0.5589501645978069,0.558218125013898,0.5579465433723367,0.5572116022683862,0.5572085889936357,0.5540948477896769,0.5540898061497669,0.5535586120216333,0.5533705308441486,0.5509654871233186,0.5506490347894081,0.5517288278275481,0.5554536246679951,0.5556119152640766,0.555783602395912,0.5417975678798768,0.5388920765576692,0.5357868454085492,0.5359638840644556,0.5444710245237016,0.5443823447041765,0.5444883365425229,0.5417794537079064,0.5408259887568895,0.5408466043657769,0.5408466043657769,0.5408466043657769,0.5254031325821676,0.5226174995045884,0.5150365594226669,0.515067711097807,0.5150647593460468,0.5150647593460468,0.507835071247452,0.507095681921016,0.5069939883714752,0.5046965078329954,0.5046491612941596,0.5047964611475723,0.5045935394588138,0.5045935394588138,0.504826331487682,0.5020164183943184,0.5019651318416747,0.5019479518656575,0.5017302304362659,0.5024073195759593,0.5024073195759593,0.5000319672215771,0.5080197062080205,0.5061557597719295,0.5061557597719295,0.5070176100985994,0.5054462904845072,0.5054636761462614,0.5054636761462614,0.502828075365268,0.503447332921809,0.5029683991353229,0.5030827836563078,0.4994332269765301,0.49942909724933193,0.49601242346138785,0.4902199087612993,0.4898770667963624,0.4881584023346177,0.4880467477813059,0.4880467477813059,0.48798821000596665,0.48798821000596665,0.48798794100620857,0.48797621385401035,0.48651691406845315,0.48651691406845315,0.48556076077481447,0.4856326140125132,0.48456690122865953,0.48205487001397657,0.47872899051659196,0.47835618534806296,0.4783551834548609,0.47835618534806296,0.4773684024765169,0.4769578235218007,0.4755478785139692,0.47553921440342517,0.4757749303335338,0.470671351000371,0.4708116851149667,0.4708116851149667,0.47091239475253044,0.47094441740196247,0.47153316017845137,0.47153316017845137,0.47152493835260695,0.47197874174294896,0.4559063778193954,0.4558999927642879,0.45578105164908034,0.4557853775418586,0.45570487996785114,0.4556786933519755,0.4555636871137757,0.45570487996785114,0.4554120825567551,0.45535726524307785,0.4551534703245846,0.45492434525787634,0.45513618555488666,0.4550145535466461,0.45438216096742584,0.453741109738367,0.4537302462399878,0.453710687569377,0.4537224285288433,0.4537224285288433,0.453752757250149,0.45282921213718674,0.45274149227836225,0.44995136033587246,0.44915739462436494,0.44915739462436494,0.44916369411280993,0.4491070834410481
1.6253898805432667,1.6253898805432667,1.6253898805432667,1.6253898805432667,1.6253898805432667,1.5970685475780064,1.5970685475780064,1.5970685475780064,1.5970685475780064,1.5874601623585416,1.5874601623585416,1.5874601623585416,1.5874601623585416,1.5874601623585416,1.5874601623585416,1.583655847312233,1.583655847312233,1.5809227231032712,1.5809227231032712,1.5809227231032712,1.5809227231032712,1.577710742243996,1.577710742243996,1.577710742243996,1.5704835977579685,1.5704835977579685,1.5704835977579685,1.5704835977579685,1.5704835977579685,1.5704835977579685,1.5704835977579685,1.5654149001974649,1.5654149001974649,1.5654149001974649,1.56163012277483,1.56163012277483,1.56163012277483,1.56163012277483,1.5557477631961891,1.5557477631961891,1.5557477631961891,1.5557477631961891,1.5557477631961891,1.5557477631961891,1.5557477631961891,1.5557477631961891,1.5557477631961891,1.5557477631961891,1.5557477631961891,1.5557477631961891,1.5486931732981397,1.5486931732981397,1.5486931732981397,1.5486931732981397,1.5486931732981397,1.5486931732981397,1.5486931732981397,1.5486931732981397,1.5486931732981397,1.5486931732981397,1.5486931732981397,1.5485055268036152,1.5485055268036152,1.5485055268036152,1.5485055268036152,1.5485055268036152,1.5433078150454285,1.5433078150454285,1.5433078150454285,1.5433078150454285,1.5433078150454285,1.5433078150454285,1.5433078150454285,1.5433078150454285,1.5433078150454285,1.5433078150454285,1.5433078150454285,1.5433078150454285,1.5433078150454285,1.5433078150454285,1.5433078150454285,1.5359691933095942,1.5359691933095942,1.5359691933095942,1.5359691933095942,1.5357653396477113,1.5357653396477113,1.5357653396477113,1.5357653396477113,1.5357653396477113,1.5357653396477113,1.5357653396477113,1.5357653396477113,1.5357653396477113,1.5357653396477113,1.5357653396477113,1.5357653396477113,1.5357653396477113,1.5357653396477113,1.5357653396477113,1.5353515676260867,1.5353515676260867,1.5353515676260867,1.5353515676260867,1.5353515676260867,1.5353515676260867,1.5353515676260867,1.5353515676260867,1.5353515676260867,1.5353515676260867,1.5353515676260867,1.5353515676260867,1.5353515676260867,1.5353515676260867,1.5353515676260867,1.5326728231769742,1.5326728231769742,1.5326728231769742,1.5326728231769742,1.532077601868387,1.532077601868387,1.532077601868387,1.532077601868387,1.532077601868387,1.532077601868387,1.532077601868387,1.532077601868387,1.532077601868387,1.532077601868387,1.532077601868387,1.532077601868387,1.532077601868387,1.532077601868387,1.5317432056544036,1.5317432056544036,1.5317432056544036,1.5317432056544036,1.5317432056544036,1.5317432056544036,1.5317432056544036,1.5317432056544036,1.5317432056544036,1.531429760901112,1.531429760901112,1.531429760901112,1.531429760901112,1.531429760901112,1.531429760901112,1.5303864584511861,1.5303864584511861,1.5286939348773667,1.5286939348773667,1.5286939348773667,1.5274542142333816,1.5274542142333816,1.5274542142333816,1.5274542142333816,1.5274542142333816,1.5274542142333816,1.5274542142333816
1.475231556971107,1.4677935748822744,1.4157380571764557,1.4149510978989541,1.3997812026203365,1.3994465493933763,1.3990430832225818,1.3989378580947016,1.3981654800921761,1.393624967288036,1.3936059401664618,1.373880371724237,1.3725400865370505,1.3717625860096634,1.3714195570742245,1.3710985086697995,1.3660240880949586,1.3622807397448282,1.355205885306766,1.3551184529909022,1.3489881067332876,1.345285075088905,1.3449643326942842,1.3426426941147744,1.34236190258956,1.34224023920364,1.341099885730513,1.3407600663759893,1.3336602719678519,1.3336602719678519,1.333605176752921,1.3299337552878379,1.3297035594323585,1.3301260748849582,1.3294195022634978,1.3288645084804496,1.3288909383048182,1.3289114466410852,1.328154601669306,1.3286729733417972,1.3286729733417972,1.3286729733417972,1.3276417490437933,1.3252146059699286,1.3252146059699286,1.3245051156279322,1.3245051156279322,1.3244905129523135,1.3243818767120885,1.3243831703988402,1.3244132511991369,1.3243314415177947,1.3242692212040035,1.3241183031983674,1.3241183031983674,1.3246916931224972,1.3246916931224972,1.324130469971452,1.324130469971452,1.323125553131995,1.3230717010836923,1.3232238132134135,1.3192997864710732,1.3192903379387835,1.3171930947425847,1.3195509531074399,1.3195444138774208,1.3195182133344523,1.3195169860505453,1.3195169860505453,1.3196730422540044,1.3196730422540044,1.3187264961504157,1.3194109411428527,1.318285958590893,1.318285958590893,1.3191264541445313,1.317417894320239,1.317417894320239,1.31736240606923,1.3179014641408824,1.3173843187701897,1.3170669473256005,1.3170669473256005,1.3170669473256005,1.3170669473256005,1.317016468622278,1.317965340106554,1.3169886213680597,1.3169468461560252,1.3169413812226185,1.3169468461560252,1.3150406942636905,1.3150406942636905,1.3150406942636905,1.315169012871844,1.3138452148376547,1.3137434889541786,1.3159934028792584,1.3098389014038905,1.3086298583355753,1.3136208257065303,1.3136208257065303,1.312077220123333,1.3120997104639718,1.3136208257065303,1.3131589933197394,1.3146510656151058,1.3124515864441966,1.3146383318040002,1.3140798108664686,1.3140798108664686,1.3140592218554583,1.3127904167195092,1.3127904167195092,1.3109157668819578,1.3109157668819578,1.3106072781727442,1.3106072781727442,1.3097644128999795,1.3104452393946242,1.3094724951162588,1.310252527415665,1.310252527415665,1.310252527415665,1.3101936235594074,1.310382905854685,1.3112379426430834,1.311195734822463,1.3121155636060131,1.3120840918762557,1.3116109453258558,1.3118541718249768,1.3104837019863278,1.311744447504096,1.3110928965401878,1.310933638753811,1.3109728280281012,1.3109728280281012,1.3109728280281012,1.3104567008870462,1.309592100415898,1.309592100415898,1.3095610104085973,1.3086633938207388,1.307791999566492,1.3085524387515188,1.3070521955107446,1.3070521955107446,1.305576880758697,1.3063968197509408,1.3067624620761669,1.3066980708524571,1.3064764135977276,1.3064506249420618,1.3060803888895351,1.3060803888895351,1.3064362310321318,1.3065162948372688,1.3060933778493908
1.4968015576438416,1.488850234131865,1.488850234131865,1.4868153196881133,1.4861395469011651,1.4822004668373479,1.4822004668373479,1.4784403806252984,1.456930045104407,1.456930045104407,1.4499456730907352,1.4499456730907352,1.4487275705210607,1.4487275705210607,1.4487275705210607,1.4487275705210607,1.4380651190346483,1.4302781389552952,1.4302781389552952,1.4302781389552952,1.4150532242041391,1.408984339644121,1.408984339644121,1.408984339644121,1.408984339644121,1.408984339644121,1.408648745159603,1.3995653611976955,1.3995653611976955,1.3995653611976955,1.3995653611976955,1.3995653611976955,1.3995653611976955,1.3995653611976955,1.3995653611976955,1.3995653611976955,1.3995653611976955,1.3995653611976955,1.3995653611976955,1.3995653611976955,1.3967730038999129,1.3967730038999129,1.3967730038999129,1.3967730038999129,1.3967730038999129,1.3967730038999129,1.3967730038999129,1.3956758473747946,1.3956758473747946,1.3956758473747946,1.3956758473747946,1.3956758473747946,1.3956758473747946,1.3932314878966285,1.3932314878966285,1.3932314878966285,1.3919500478095086,1.3919500478095086,1.3895958189962028,1.3895958189962028,1.3895958189962028,1.3893564830249923,1.3893564830249923,1.3893564830249923,1.3893564830249923,1.3893564830249923,1.3893564830249923,1.3893564830249923,1.3893564830249923,1.3893564830249923,1.3893564830249923,1.3893564830249923,1.3893564830249923,1.3893564830249923,1.3893564830249923,1.3893564830249923,1.3893564830249923,1.3893564830249923,1.3893564830249923,1.3893564830249923,1.3845005926683074,1.3845005926683074,1.3845005926683074,1.3845005926683074,1.3845005926683074,1.3845005926683074,1.3845005926683074,1.3845005926683074,1.3830004705088808,1.3830004705088808,1.3830004705088808,1.3830004705088808,1.3830004705088808,1.3830004705088808,1.3830004705088808,1.3830004705088808,1.3830004705088808,1.3830004705088808,1.3830004705088808,1.3830004705088808,1.3830004705088808,1.3830004705088808,1.3830004705088808,1.3824355625417077,1.3824355625417077,1.3824355625417077,1.3824355625417077,1.3824355625417077,1.3824355625417077,1.3824355625417077,1.3824355625417077,1.3824355625417077,1.3824355625417077,1.3821813580802496,1.3821813580802496,1.3821813580802496,1.3821813580802496,1.3821813580802496,1.3821813580802496,1.3821813580802496,1.3821813580802496,1.3821813580802496,1.3821813580802496,1.3821813580802496,1.3814682541465806,1.3814682541465806,1.3814682541465806,1.3809431432554153,1.3809431432554153,1.3809431432554153,1.3809431432554153,1.3809431432554153,1.3798498409111895,1.3798498409111895,1.3798498409111895,1.3798498409111895,1.3798498409111895,1.3798498409111895,1.3798498409111895,1.3798498409111895,1.3798498409111895,1.3798498409111895,1.3798498409111895,1.3798498409111895,1.3798498409111895,1.3798498409111895,1.3798498409111895,1.3798498409111895,1.3798498409111895,1.3798498409111895,1.3798498409111895,1.3798498409111895,1.3798498409111895,1.3798498409111895,1.3798498409111895,1.3798498409111895,1.3798498409111895,1.3798498409111895,1.3798498409111895,1.3798498409111895
0.5284867373395467,0.508325438739475,0.5007424570834578,0.49081859662319316,0.45188172480785826,0.4494839329030634,0.4453835401131691,0.43257542977610763,0.42911629068551915,0.40846804065840514,0.40092576370127875,0.39595169567369226,0.3954626012686417,0.38904164539621683,0.3876066613666292,0.38478639767405176,0.3816032119349654,0.37622462239034454,0.3758736442312579,0.3710025095113255,0.3704164902659767,0.36488149030872713,0.3655995674998715,0.365902484671286,0.36684007384725686,0.3636109748297533,0.3621799536966811,0.3562349733323756,0.35407314726652145,0.3457365623777894,0.34423043305036183,0.3401129522527329,0.3378916692442915,0.33734907355130134,0.33619427931330287,0.3347953290733448,0.3349427142868752,0.3279612705531667,0.3256285272979433,0.3255939267212483,0.3254309145854978,0.32451262049121166,0.32257339936397106,0.3225499372985369,0.3224839303535796,0.32032247186780183,0.3203255452362041,0.3207140640931821,0.3189173533577791,0.3192769794852278,0.32224027589378335,0.3188437560981597,0.3188331257518569,0.3195251170840786,0.3168587738568361,0.3161082719649156,0.3119347492689,0.31206201067905615,0.304918537727765,0.3021859828371364,0.30217942439619727,0.3000961014725844,0.2969288295179438,0.29611244947069704,0.2958568801788487,0.2957811028381641,0.29561757301517494,0.2954858197566825,0.2955640875682672,0.2950524813822072,0.2950861573687808,0.2941246057829892,0.29391223951234025,0.2930130145087135,0.2928269175485673,0.29278955378014687,0.2918594148985817,0.29155110166782866,0.2912782912134638,0.2912933946379968,0.29132315060605884,0.29130700660202735,0.2915367819945062,0.29019457251259606,0.2904780277377342,0.29030624002089034,0.29039621420297074,0.2892733026533698,0.28968379596232413,0.2897080143081563,0.2895800397464227,0.28665550883212226,0.2859135302306826,0.2853518027535225,0.28538100702490193,0.2848529867486697,0.28281044226842905,0.2827112289973792,0.28254515207114606,0.28139537473680715,0.28084360668004554,0.2807975647110815,0.28001835063604147,0.2786096101125373,0.27835916050282955,0.27698141207095434,0.2769677753820549,0.2783572828638195,0.2790340473682354,0.27923491867707567,0.27694340239613346,0.2768181606299526,0.27681014991360564,0.27688215775595654,0.27676583079904293,0.2773776616143354,0.2767727287258707,0.2766168783442874,0.276283475080647,0.2768013299059709,0.2773921802766282,0.27566908849648963,0.2748455335924687,0.27446095573397494,0.27434327570280204,0.2712174305356785,0.2708174100029176,0.27011852604778963,0.2691022121327796,0.26847141718424816,0.26804731118227104,0.26814173764915267,0.26805012450289123,0.2691981075295658,0.26728195596339616,0.2667599809426628,0.26663105696110784,0.2657659692965701,0.2657579447868986,0.2672637052058486,0.2671520808128738,0.2660440362389421,0.26593585406761594,0.26459493107099713,0.2647088081647505,0.26479036503359465,0.2647684084184435,0.2648396107813586,0.26271329815353395,0.2623429883221412,0.26174906380843216,0.2612714734658818,0.26113136032518086,0.2612359239976263,0.26144036722873926,0.2609806436243956,0.26349094310498666,0.26368411379681106,0.2630788392716119,0.26217183786156534
1.0252998778326226,1.0202071217718212,0.9984567061048282,0.9940804382421696,0.993449600731796,0.9839797704032851,0.9499947007205859,0.9475505997611791,0.9261907221744579,0.9196338246093301,0.9122075009541748,0.8796315513813783,0.8783926401261507,0.8653699220421883,0.8652480403919219,0.8631315052380404,0.860009466702289,0.8583778597678084,0.8572955953256896,0.8559288647087684,0.8480579031690466,0.8410385451637753,0.8406500136578138,0.840170760264565,0.8228849688072564,0.8226142604238201,0.8205160973279847,0.820313260039511,0.8188652431438207,0.813475353585385,0.8116982951800888,0.8103884308969086,0.8076089376002529,0.8076089376002529,0.8074755120790799,0.8026939872070713,0.802253812025529,0.8018512975509035,0.801720103828996,0.8017196215903157,0.8017196215903157,0.7964419548611202,0.7964378383788624,0.7960025833668545,0.7946419966710637,0.7948230253803032,0.7946058769062754,0.7931818661438936,0.7930590476887854,0.7929332556714062,0.7925687221221325,0.7926401746726714,0.7924886326959079,0.7924886326959079,0.7924886326959079,0.7922972448843761,0.7838045843360166,0.7813587032213066,0.7718407052073922,0.7675757726711008,0.7663189539721563,0.7651462544310617,0.7650999912805069,0.7645138832963612,0.7642930332562884,0.7643392964068432,0.7640719830976235,0.7640604464491738,0.7640138512891022,0.7639054813497607,0.7620541764313961,0.7620652879091385,0.7594123402783569,0.7593628164305718,0.7589135259258889,0.7571768516762571,0.7570379164064446,0.7568500975757695,0.756818960558161,0.7567178470997988,0.756721716642732,0.7566939361873216,0.7568505122128918,0.756047422921203,0.7560360543928589,0.7562354072714653,0.7563078299236877,0.7550536057241908,0.7550536057241908,0.7509560066430425,0.7498126103175895,0.749819855102746,0.7497809612165808,0.7502633902625361,0.7501049113440191,0.7495698439586271,0.7494224258280968,0.7493253736282462,0.7492679450920343,0.7496053481256997,0.7496627766619116,0.74875363233438,0.7487880723566525,0.748785947469196,0.7487873677132864,0.7487705749317085,0.7457944923789659,0.7457630056295804,0.7411801498570804,0.7411801498570804,0.7402675387751968,0.740247884921107,0.740247884921107,0.7402798901214753,0.7401847558427584,0.7400599840897781,0.7400599840897781,0.7405617249244111,0.7409239359171654,0.7404863890831795,0.7404492111701535,0.7402644111234342,0.740263951550841,0.7402772248681083,0.7395569679287557,0.7391123541421366,0.7387759597772062,0.7387652340393376,0.7387348966482341,0.7387459146854585,0.738761110995637,0.738438546050422,0.7384386432745583,0.7383934239800342,0.7382349723232633,0.7380871623695116,0.7372934062306624,0.7371074065867171,0.7367068090289843,0.7331553178635125,0.7325961581912639,0.7325934518947549,0.7326517039268614,0.7326499381657139,0.7326237425344595,0.7323855833443473,0.7320501146745798,0.7291617616622638,0.7291308119318647,0.7291308119318647,0.7291680593132086,0.7291680593132086,0.7286763753500622,0.7287422782613872,0.7287422782613872,0.7287091404144713,0.7287091404144713,0.728830314993456,0.7288087026888352,0.7288087026888352
0.7190917935328125,0.39257419338522986,0.37237521197103984,0.2756175118817982,0.21779522632133586,0.2035453873075697,0.19908319013070383,0.1958203687730779,0.18006475049187892,0.1619662986216093,0.16060231832321498,0.15338350843504742,0.15053168023638197,0.14211394329532695,0.13070909580797052,0.11801564429671309,0.11389035024333805,0.10974628102313577,0.10951570902289055,0.10884758792772416,0.10732307388672536,0.1067075474016602,0.1061187174159946,0.10533801972286161,0.10500685848678462,0.10304173616382574,0.10304016656120529,0.09828654234208407,0.09739815006346088,0.09714149287695376,0.09659135895971001,0.09230413933747432,0.09108325597364988,0.08342327058313648,0.08302418571968893,0.08114516878535731,0.07974914049277637,0.07974895086356831,0.07953623515214266,0.07913306528498919,0.07844908960323094,0.07837123440485812,0.07885893663043825,0.078687103143235,0.07567474147963903,0.07473661085807887,0.07334206011985132,0.07200615638316947,0.07178076378158692,0.07173641085623922,0.07139270792765007,0.07024754125308946,0.06780848107631213,0.06784168102148493,0.06523800987933306,0.06326298025989022,0.06212953878703878,0.061809183532301665,0.06099713958648592,0.0596893558489198,0.05943181723311359,0.05813741334745586,0.05477031486722851,0.05420442101196003,0.054104397694651765,0.05348266078073457,0.05268577592271077,0.049862106422401124,0.04962030581634818,0.04938133471210969,0.047870360448221384,0.04721869258462228,0.04446616115582328,0.044332160005418994,0.04420046878365248,0.04367544530145588,0.043393046820725534,0.04322988300106846,0.043127319794458364,0.043120233928769396,0.04309902065639791,0.042976024806316244,0.042767299419893434,0.0427542079173206,0.0427313830745444,0.042271993504127144,0.04225722544972045,0.042040321257015324,0.0419694417200475,0.04191581209031469,0.04181454835268361,0.04183177010248168,0.0413458766523848,0.040549139441952514,0.04042738151486451,0.04046181061910967,0.040159816661242256,0.03999379889363384,0.03968731035173191,0.030713830166932337,0.030706563582643696,0.030445481770791642,0.03039393969414426,0.03001252055994294,0.029826215657176577,0.029653641701492445,0.02977784734648728,0.02906220613294183,0.028595109594381305,0.028406143842799245,0.028576068729066952,0.0284963818271218,0.02843055360024888,0.02756507464762208,0.027412050687897267,0.027234482691514544,0.02703016265024175,0.027163700416956267,0.026887265637260634,0.026893831088438194,0.026865790346487773,0.026698676932461213,0.026640863141123374,0.026725418303573802,0.02666762512368977,0.026483623189250193,0.02650561126082214,0.0264080066372782,0.026460944053521757,0.02629028109456394,0.025881086077943944,0.025949436000287256,0.026013760082838778,0.02594670740934471,0.025847708173278354,0.025706042156460607,0.025622480273882427,0.02554684119672092,0.02536789765469159,0.025242613343505527,0.025104008865142267,0.02507054303402725,0.025026469418216082,0.02366897191319192,0.02364797351968752,0.023169815402790565,0.02322592635853475,0.023295815709740965,0.023207698245654825,0.02172807073325435,0.02174254891706086,0.021445369571701286,0.021275803923044605,0.021257340661428984,0.02060255133861804,0.02046370857619124,0.020469269793839392,0.02053571753236711,0.020594358581681866,0.020640358966474964
1.483914792519197,1.4648584248968368,1.4471151322683018,1.4303206679298337,1.4152548812835557,1.4152548812835557,1.4152548812835557,1.4152548812835557,1.4152548812835557,1.414550564324708,1.4099624920368339,1.4054837475431405,1.4016893264745107,1.3958975547692452,1.3958975547692452,1.3958975547692452,1.3940097296275553,1.3940097296275553,1.3940097296275553,1.3940095472120022,1.3940095472120022,1.3940095472120022,1.3940084170187448,1.3886815371341725,1.3886815371341725,1.3870878816264844,1.3870878816264844,1.3812704473391668,1.381232281630218,1.3786353336114276,1.3709313993154042,1.3709313993154042,1.3578305876593346,1.3578305876593346,1.3578305876593346,1.3578305876593346,1.3578305876593346,1.3578305876593346,1.3578305876593346,1.3578305876593346,1.3578305876593346,1.3572483876094807,1.3572483876094807,1.3572483876094807,1.3567569709216,1.3567569709216,1.3567569709216,1.3567569709216,1.3567569709216,1.3567569709216,1.3567569709216,1.3567569709216,1.3567569709216,1.3567569709216,1.3567569709216,1.3510841328214338,1.3510841328214338,1.3510841328214338,1.3510841328214338,1.3510841328214338,1.3510841328214338,1.3510841328214338,1.3510841328214338,1.350335527117787,1.350335527117787,1.350335527117787,1.3484393997944428,1.3484393997944428,1.3484393997944428,1.3442953999184486,1.3442953999184486,1.3442953999184486,1.3442953999184486,1.3442953999184486,1.3442953999184486,1.3442953999184486,1.3425448185628155,1.3425448185628155,1.3425448185628155,1.3425448185628155,1.3425448185628155,1.3425448185628155,1.3425448185628155,1.3425448185628155,1.341092583294713,1.341092583294713,1.341092583294713,1.341092583294713,1.3400888429969535,1.3400888429969535,1.3400888429969535,1.3400888429969535,1.3400888429969535,1.3400888429969535,1.3400888429969535,1.3400888429969535,1.3400888429969535,1.3400888429969535,1.3400888429969535,1.3400888429969535,1.3400888429969535,1.3400888429969535,1.3400888429969535,1.3400888429969535,1.3400888429969535,1.3400888429969535,1.3400888429969535,1.3400888429969535,1.3400888429969535,1.3400888429969535,1.3400888429969535,1.3400888429969535,1.3400888429969535,1.3397384166730422,1.339111843492779,1.339111843492779,1.339111843492779,1.339111843492779,1.339111843492779,1.339111843492779,1.339111843492779,1.339111843492779,1.339111843492779,1.337713749987529,1.337713749987529,1.337713749987529,1.337713749987529,1.337713749987529,1.3367091660081243,1.3360583803542296,1.3360583803542296,1.3360583803542296,1.3360583803542296,1.3360583803542296,1.3360583803542296,1.3360583803542296,1.3360583803542296,1.3360583803542296,1.3339282716766045,1.3338767932869595,1.3338767932869595,1.3338767932869595,1.3338767932869595,1.3338767932869595,1.3338767932869595,1.3338767932869595,1.3338767932869595,1.3338767932869595,1.3338767932869595,1.3338767932869595,1.3338767932869595,1.3338767932869595,1.3222404892499091,1.3222404892499091,1.3222404892499091,1.3222404892499091,1.3222404892499091,1.3217813909104277,1.3217813909104277,1.3217813909104277
1.4435239804307598,1.069129119215128,1.0520219049434059,1.0520219049434059,1.0495973797348392,1.0322775494666923,1.0322775494666923,1.0313300347360073,1.0303686418002078,1.0172204264034306,1.0153548116063125,1.0145974358809708,1.0009408129236137,0.9952368984764749,0.9952368984764749,0.9952368984764749,0.9944484411923135,0.99086543574626,0.9881224215730512,0.9881224215730512,0.9881224215730512,0.9866795169266512,0.9866795169266512,0.9848331770186417,0.9822435219977882,0.9826662394487184,0.9597741122557268,0.9550185151219182,0.9547098205342687,0.9520107213817912,0.9461692156921111,0.9461526820637886,0.9449950309574793,0.9406511266154773,0.9387135903653475,0.9295563802558834,0.9295563802558834,0.9176564547284192,0.9175994382651728,0.918730094989442,0.9186610530630213,0.9184665059634469,0.9184139896052501,0.9111752091079115,0.9111752091079115,0.9111588864514324,0.911101704497804,0.9110976823778486,0.9111294911873737,0.9111294911873737,0.9067218794786281,0.906812115228251,0.9113344234731291,0.9112976285943678,0.9063891983617139,0.9030180941742947,0.9028384239090329,0.9028384239090329,0.902938412002325,0.9018980058176154,0.8999056626418461,0.8999056626418461,0.8998947349613364,0.8998947349613364,0.8992188181087872,0.8992056269114751,0.8960690918607357,0.8960690918607357,0.8907572981269057,0.8906858397623437,0.8906567936379821,0.8906567936379821,0.8897377869498599,0.8897023594738956,0.8893985926363037,0.8893759593716345,0.8893985926363037,0.887366434967197,0.8873538810369225,0.8871680144542708,0.8885827490185962,0.8885919267022145,0.8885919267022145,0.8881528504013754,0.8869978544029167,0.8868303360318985,0.8868105889194686,0.8867020581861562,0.8871362542563769,0.8871362542563769,0.886966172400815,0.8869752621279577,0.8869752621279577,0.8870720355030983,0.8836017922960059,0.8831004825886349,0.8831004825886349,0.8830908188938352,0.8831216904185688,0.8827213653913212,0.882716087477723,0.8818865132670611,0.8818865132670611,0.8818865132670611,0.881565436499226,0.880634340418079,0.880634340418079,0.880634340418079,0.880634340418079,0.880634340418079,0.8805685255150687,0.8804902549455665,0.8806289472268566,0.8806289472268566,0.8807419315902812,0.8771349235308052,0.8771225261439274,0.8757779798258436,0.8757949953770929,0.8736031805719963,0.8734127763002366,0.8733890366323447,0.8731480889972165,0.873146259191152,0.8730786920478512,0.8728238050917537,0.8728238050917537,0.8738511788606209,0.8721461532128056,0.8721461532128056,0.8725721822501654,0.8725721822501654,0.8725721822501654,0.8725721822501654,0.8725622202685,0.8725622202685,0.8725335783511764,0.8690660664596495,0.8664501371297285,0.8638235506731236,0.8638235506731236,0.8638235506731236,0.8638235506731236,0.8597241081087461,0.8597007144138434,0.8584720659703364,0.8552776458994944,0.8560044711211334,0.8554527919539098,0.8554524411772595,0.8542601615831797,0.8539228032481491,0.8544575862728458,0.8544575862728458,0.8533355407893749,0.8533355407893749,0.8533355407893749,0.8533343740082986,0.8533343740082986,0.8529163238783134
1.6032361595889109,1.5523900065625083,1.5419587594371362,1.5419587594371362,1.5250034837811461,1.5098580866916707,1.5098580866916707,1.5098580866916707,1.5062727952034616,1.4894653670858262,1.4894653670858262,1.4894653670858262,1.4886204619760361,1.4880104280183126,1.4880104280183126,1.485366680273483,1.485366680273483,1.485366680273483,1.4847900889852648,1.4847659617475817,1.4793886522260642,1.4746019556081214,1.4745018793434537,1.4738041056323405,1.469447805860497,1.465781484449946,1.465781484449946,1.465781484449946,1.465781484449946,1.4631629397613337,1.4631629397613337,1.4631629397613337,1.4561161856387355,1.451593318789499,1.451593318789499,1.4507901637108644,1.4507901637108644,1.4507901637108644,1.4507901637108644,1.4507901637108644,1.4507901637108644,1.4418644037190742,1.4418270846701258,1.4418270846701258,1.4418270846701258,1.4417594304998886,1.4417594304998886,1.4414527051830275,1.4414527051830275,1.4414897048913813,1.437833810582462,1.437833810582462,1.437833810582462,1.437833810582462,1.437833810582462,1.437833810582462,1.4343066867880077,1.433582784988264,1.433582784988264,1.433582784988264,1.433582784988264,1.433582784988264,1.4335804061482738,1.4335804061482738,1.4335804061482738,1.4335804061482738,1.4173612087537577,1.4173612087537577,1.4164292357941475,1.4164292357941475,1.4164292357941475,1.4164292357941475,1.4164292357941475,1.4164292357941475,1.4164292357941475,1.4164292357941475,1.4164292357941475,1.4162750026796942,1.4162750026796942,1.4158162598909567,1.4158162598909567,1.4158162598909567,1.4158162598909567,1.4158162598909567,1.4158162598909567,1.4158162598909567,1.4158162598909567,1.4157852430652842,1.4157852430652842,1.4157852430652842,1.4157758062475767,1.4157758062475767,1.415722706162351,1.415722706162351,1.4124515675079592,1.4124515675079592,1.4124515675079592,1.4124515675079592,1.4115514736898065,1.4115514736898065,1.4115514736898065,1.4110426091485297,1.4110426091485297,1.4067846391916075,1.4067846391916075,1.4067846391916075,1.4067846391916075,1.4067846391916075,1.4067846391916075,1.4067846391916075,1.4067846391916075,1.4067846391916075,1.4067846391916075,1.4067846391916075,1.4067846391916075,1.4067846391916075,1.4067846391916075,1.4067846391916075,1.4067846391916075,1.4067765836824462,1.4067740890642817,1.4067740890642817,1.4067740890642817,1.4067740890642817,1.4067451271467262,1.4067466291833675,1.4067466291833675,1.4067466291833675,1.4067466291833675,1.4067466291833675,1.4067466291833675,1.4067466291833675,1.4067466291833675,1.4067466291833675,1.4067466291833675,1.4067466291833675,1.4067466291833675,1.4067466291833675,1.4067466291833675,1.406755677274052,1.406755677274052,1.406755677274052,1.4058339359494294,1.403692501224435,1.403692501224435,1.403692501224435,1.403692501224435,1.4035772334342698,1.4035772334342698,1.4035772334342698,1.4035772334342698,1.4035772334342698,1.4035772334342698,1.4035772334342698,1.4035772334342698,1.4035772334342698,1.4035772334342698,1.4035772334342698,1.4035772334342698,1.4035772334342698
1.3098908054537062,1.251715778855355,1.2460695561690596,1.222861579487977,1.2058744814501183,1.1673534922239528,1.1537525194642277,1.141480398027717,1.138874116136195,1.1384823428528448,1.1246045683286034,1.0976239560826047,1.088245961034046,1.0801237890280373,1.0801237890280373,1.0801143813207732,1.0801143813207732,1.0801143813207732,1.0699047355719253,1.0665903743342129,1.0670060660356098,1.0530287131303278,1.0489853358665455,1.048816101052583,1.0477212110685972,1.0362941872167901,1.030967962424071,1.0252995443012665,1.0252209074514174,0.9770383924594596,0.9770383924594596,0.9770383924594596,0.975726075712084,0.975726075712084,0.9726375721313124,0.9726375721313124,0.9726375721313124,0.9701698806972138,0.9697165642922937,0.9707291567053528,0.9707291567053528,0.9647696927100056,0.9647696927100056,0.9622522470046664,0.9622522470046664,0.9580178783812803,0.9580178783812803,0.9580178783812803,0.9580178783812803,0.9560796176527238,0.9561169225376948,0.9562081932204395,0.9562081932204395,0.9572178868491369,0.9568014336887043,0.9559926167212813,0.9562170788562576,0.9562170788562576,0.9557087904181696,0.95558439059219,0.955273130471426,0.9552418387788005,0.9538537506131133,0.9428739482239884,0.9386585789890861,0.9386585789890861,0.9386585789890861,0.9366531466231421,0.9366531466231421,0.9366531466231421,0.9366531466231421,0.9366031119444416,0.9362986251252864,0.9362986251252864,0.9362986251252864,0.9358361799654387,0.9340067782466871,0.9357307028652576,0.9359264586665091,0.9355747533433872,0.9355747533433872,0.9355747533433872,0.9355747533433872,0.9355747533433872,0.9355747533433872,0.9344646459742438,0.9341523428078401,0.9341523428078401,0.9338135624320969,0.9338135624320969,0.9338135624320969,0.932327161421206,0.9329535953080789,0.9313819597431061,0.9310933737063009,0.9310933737063009,0.9310933737063009,0.9310933737063009,0.9297600651457922,0.9297600651457922,0.9297600651457922,0.9297600651457922,0.9297600651457922,0.9297600651457922,0.9262592628111387,0.9258036915377335,0.9257497189555326,0.9253646325503614,0.9253646325503614,0.9253646325503614,0.9253646325503614,0.9215714965699633,0.9215284190308851,0.9209728099856888,0.9209728099856888,0.9208863057319758,0.9208863057319758,0.9228311565490374,0.9209880257514711,0.9209880257514711,0.9213788981095645,0.9206452504353584,0.921598495099767,0.920337260486465,0.920337260486465,0.9201895151681625,0.9203988546566806,0.9203548078580599,0.9197122148691662,0.9174935059450241,0.9174232524701526,0.9174232524701526,0.9198038284340423,0.9198020037064047,0.9198020037064047,0.9198020037064047,0.9172894760403459,0.9166141338104802,0.9166141338104802,0.9166141338104802,0.916633011492574,0.916633011492574,0.916633011492574,0.916636201435412,0.9160484889652034,0.9162260351956552,0.910532139327187,0.910532139327187,0.9103129199367667,0.9103225470573392,0.9094079497878013,0.9088967039596045,0.9088991934704554,0.9099970774896383,0.9073006130102145,0.9073006130102145,0.9042362445543627,0.9024915775076294,0.9025028347296068,0.9025028347296068
1.0119320157255707,0.990545022800037,0.9896890002763007,0.9684579914964202,0.9556676780035102,0.9537647482110388,0.9221569438739562,0.9217951703963698,0.9024470433133687,0.8585857912900928,0.8584245289004467,0.8563571732411704,0.8183830438338646,0.8183827674691587,0.818034172834504,0.818034172834504,0.8179723615636935,0.8178138385343673,0.8171582806221146,0.8079234359608954,0.8074783171656121,0.7939280465131241,0.7928386007607143,0.7928386007607143,0.7879568420046149,0.7879568420046149,0.7878753585819464,0.7878363541437825,0.7713183717959154,0.7712040047542118,0.7703982007782828,0.7694974879420988,0.7663311261012503,0.7663311261012503,0.7659005411283296,0.7659105769998481,0.7607263302102588,0.7606200910431261,0.7571706316228026,0.7570280198310329,0.7563698481298065,0.7506723057662208,0.7491989787966747,0.7492325702709953,0.7193633331712336,0.7187066551839351,0.7187129802398144,0.7180715907236449,0.711031956706079,0.7046736860260093,0.7046736860260093,0.693013518266115,0.6927801405871533,0.6913769484244794,0.6913769484244794,0.6914879482198018,0.6905085923406639,0.6905085923406639,0.6905085923406639,0.690170880745221,0.6901865277753575,0.6909824086010052,0.6938745711933287,0.6938745711933287,0.6936840777567244,0.6862649235007853,0.6856715660000721,0.684841991221581,0.6847478610503737,0.6844354412659451,0.6819470272619663,0.6815712533323286,0.6815712533323286,0.6784354765758384,0.6783640522326079,0.678088846567247,0.6775356413417462,0.6775988003313054,0.677692040202295,0.6775510296692532,0.6764464957841242,0.6764464957841242,0.6765693271093601,0.6758017306217242,0.6758017306217242,0.6723071937648726,0.6717009103038231,0.6717382354937068,0.6717064915405052,0.6716763844993237,0.6579825335141312,0.6582871347272047,0.6578218773947715,0.6578174076928607,0.6565234065501417,0.6561334848557847,0.6539688325478387,0.6539688325478387,0.6539688325478387,0.6537459629843395,0.6539884232892355,0.6521090518922459,0.652191017658896,0.652191017658896,0.6521559524434475,0.65200956757585,0.65200956757585,0.651943192609226,0.6514452131917303,0.6515115881583544,0.6515136522023373,0.6512745578238711,0.651256419996301,0.651334693835963,0.651334693835963,0.651334693835963,0.6511433660770716,0.651143414321172,0.651143414321172,0.6510550375935075,0.6510550375935075,0.6510550375935075,0.6496723335410176,0.6496723335410176,0.6470929378209809,0.6462475843798988,0.6462475843798988,0.6462475843798988,0.6447205193303039,0.6447748352457815,0.6447748352457815,0.644743390542721,0.6447113809441449,0.6447113809441449,0.6421633394102269,0.6448118490040001,0.6448438586025761,0.6441333690363679,0.6448106012161945,0.6449180442147758,0.6449180442147758,0.6449318695756983,0.6449314310857619,0.644628035355965,0.6446057235076061,0.6445885629598563,0.6446855305083219,0.6446855305083219,0.6447346097260702,0.6447424384092595,0.6449833829607681,0.6431770845669897,0.6398487264574709,0.6398487264574709,0.6361789130194169,0.6361789130194169,0.6360121040741731,0.636159025444356,0.636159025444356,0.636159025444356
1.5884680369367363,1.5510064648481805,1.5510064648481805,1.5194514614818224,1.5076933372368237,1.5076933372368237,1.5076933372368237,1.4861693638851408,1.4861693638851408,1.4861693638851408,1.4861693638851408,1.4861693638851408,1.4861693638851408,1.470805198968929,1.470805198968929,1.470805198968929,1.470805198968929,1.470805198968929,1.470805198968929,1.470805198968929,1.470805198968929,1.470805198968929,1.470805198968929,1.470805198968929,1.470805198968929,1.470805198968929,1.470805198968929,1.4617095971467162,1.4617095971467162,1.4617095971467162,1.4617095971467162,1.4613437106758387,1.4613437106758387,1.4613437106758387,1.4613437106758387,1.4613437106758387,1.4613437106758387,1.4613437106758387,1.4591649657727566,1.4591649657727566,1.4591649657727566,1.4591649657727566,1.458684312722578,1.458684312722578,1.4581647577797487,1.4581647577797487,1.4550592044415998,1.4550592044415998,1.4550592044415998,1.4550592044415998,1.4550592044415998,1.4550592044415998,1.44799264447645,1.44799264447645,1.44799264447645,1.44799264447645,1.445507848008844,1.445507848008844,1.445507848008844,1.445507848008844,1.445507848008844,1.4452896158719564,1.4452896158719564,1.4452896158719564,1.4452896158719564,1.4452896158719564,1.4452896158719564,1.4452896158719564,1.4447128236511046,1.4447128236511046,1.4447128236511046,1.4447128236511046,1.4447128236511046,1.444712661080128,1.444712661080128,1.4446496511862779,1.444605687015023,1.444605687015023,1.444605687015023,1.444605687015023,1.444605687015023,1.444605687015023,1.444605687015023,1.4418624082360956,1.4418624082360956,1.4418624082360956,1.4418624082360956,1.4418624082360956,1.4408605433529085,1.4408605433529085,1.4408605433529085,1.4408605433529085,1.4408605433529085,1.4408605433529085,1.4408605433529085,1.4383004055737176,1.4383004055737176,1.4383004055737176,1.4383004055737176,1.4383004055737176,1.4379793369256328,1.4379793369256328,1.4379793369256328,1.4372682816353504,1.4372682816353504,1.4372682816353504,1.4372674414000803,1.4372674414000803,1.4372674414000803,1.4354849023366207,1.4354849023366207,1.4354849023366207,1.4354849023366207,1.4354849023366207,1.4354849023366207,1.4354849023366207,1.4352719874769893,1.4352719874769893,1.4352719874769893,1.4328103251802065,1.4328103251802065,1.4328103251802065,1.4328103251802065,1.4328103251802065,1.4328103251802065,1.4328103251802065,1.4328103251802065,1.4328103251802065,1.4328103251802065,1.4328103251802065,1.428200339951917,1.428200339951917,1.428200339951917,1.428200339951917,1.428200339951917,1.428200339951917,1.428200339951917,1.428200339951917,1.428200339951917,1.428200339951917,1.42762528872232,1.42762528872232,1.42762528872232,1.42762528872232,1.42762528872232,1.42762528872232,1.42762528872232,1.4252266332135763,1.4252266332135763,1.4252266332135763,1.4236545920525596,1.4236545920525596,1.4236545920525596,1.4236545920525596,1.4236545920525596,1.4236545920525596,1.4236545920525596,1.4219700454344686,1.4219700454344686,1.4219700454344686
1.3924344364563528,1.368565553947763,1.3655683083324879,1.3531354296253808,1.328117415579835,1.3163340753095965,1.3085822688764315,1.3037225387331872,1.3031096097746038,1.3030390688635718,1.293786398910382,1.2846689341722202,1.2790137205906558,1.2790137205906558,1.2790137205906558,1.2765106605081882,1.2506447497926951,1.2506447497926951,1.2506187772674664,1.2504671872353414,1.2484345530746164,1.2472422920833535,1.2472422920833535,1.2472422920833535,1.2472422920833535,1.245362410353117,1.2453622533812998,1.2453622533812998,1.2435360838256113,1.2435360838256113,1.2435360838256113,1.2435360838256113,1.2435360838256113,1.2425318517236639,1.2422664068678786,1.242265354927503,1.2420491951508155,1.2371101906803748,1.2371101906803748,1.2370623467739976,1.236981705313909,1.2363214409865662,1.235018999131372,1.235018999131372,1.2341778284258362,1.2341381542274255,1.2341381542274255,1.2316706611553068,1.2315349402715328,1.2308687830077716,1.2308687830077716,1.2308687830077716,1.2308687830077716,1.2281437814652754,1.2281437814652754,1.2242938966603134,1.2242938966603134,1.2242938966603134,1.2242938966603134,1.2242938966603134,1.224237351714682,1.224237351714682,1.224237351714682,1.224237351714682,1.224237351714682,1.224235792444623,1.224199920535064,1.2235479903362925,1.2235479903362925,1.2235479903362925,1.2123218439554637,1.2123218439554637,1.2123218439554637,1.2123218439554637,1.2123087642371515,1.2102237615741984,1.2102237615741984,1.2100612960306243,1.2100612960306243,1.209747330177041,1.209747330177041,1.2096252939055858,1.2093940781584929,1.2092286804251557,1.2092286804251557,1.2092286804251557,1.2082043677397154,1.2082043677397154,1.2082043677397154,1.2082043677397154,1.2082043677397154,1.2082043677397154,1.2082043677397154,1.2082043677397154,1.2089462846531307,1.2089440175276678,1.2089440175276678,1.2089440175276678,1.2089440175276678,1.2089440175276678,1.208945572648096,1.208944076006491,1.208944076006491,1.2089791052627377,1.2089791052627377,1.20823504316302,1.20823504316302,1.20823504316302,1.2081727790506358,1.2078754363314133,1.2037831377831634,1.2024882819549287,1.2024882819549287,1.2024882819549287,1.2024882819549287,1.2024882819549287,1.2024882819549287,1.2024668050184837,1.2024668050184837,1.2022823052473783,1.2022823052473783,1.20228618155337,1.2022479751675132,1.2020124278364603,1.2020124278364603,1.2020124278364603,1.2020124278364603,1.2020124278364603,1.2020124278364603,1.2020124278364603,1.2020124278364603,1.2020124278364603,1.2025704280925522,1.202633501398077,1.202633501398077,1.1966059258380166,1.1966059258380166,1.1966059258380166,1.1966051046635973,1.196797773326701,1.1968961181200908,1.1968961181200908,1.1969059733380387,1.1969059733380387,1.1969017441715255,1.1969460102506506,1.1969460102506506,1.1968473279964396,1.197023747722426,1.1969612368822853,1.1969923050189173,1.1969248621111754,1.1969248621111754,1.1954832590419393,1.1954601065711639,1.19545935547496,1.19545935547496,1.19545935547496,1.1953619873366628,1.1953619873366628
1.3875036958096905,1.3617059216046796,1.2769820170713164,1.2760139937815886,1.2703290543781864,1.2349650264302086,1.2034929089637867,1.200958018340948,0.9947546284742355,0.9836664831091495,0.8976665916219106,0.8971543827133884,0.8887333211495914,0.8838968912086359,0.861489922406049,0.8573254831071422,0.8517685455114286,0.8458422273903212,0.8314641641643967,0.7917314789060715,0.7747713731251478,0.769546100401177,0.7688940821530643,0.768372976691414,0.7286393904174276,0.7212876809494326,0.7168772587202258,0.7161421405871747,0.7145929315901557,0.7107527484577959,0.708049471567237,0.7058007141735865,0.7058007141735865,0.6999856798712368,0.6946025572969228,0.6941108208458696,0.69253774930643,0.6907522767385135,0.6907487362678041,0.69069183635538,0.6892477168330546,0.6888057359342391,0.6868071922492652,0.6870803136445206,0.671503833594389,0.6702641498963351,0.6701543309847285,0.6695263995643577,0.6688031321448824,0.6684660185332201,0.6618154067776766,0.6618013941632854,0.6594997241534617,0.6584543744538546,0.6588879910347454,0.6589167282147826,0.6572059166234065,0.6569713623755191,0.6567216172373259,0.6560776508564232,0.645043256101769,0.6446580663368828,0.6422233454981596,0.6422314972237748,0.6421569297211118,0.6417846285855121,0.6422269399750464,0.6417208616766976,0.6392188401655469,0.6389489785860817,0.6389176618769219,0.6387013388408467,0.6367424827018249,0.6363026390186284,0.6362960938777936,0.6357429053857583,0.6354898345821702,0.6350129660029641,0.6350129660029641,0.634069134218837,0.6333041082625952,0.6332929483227379,0.6332178285747507,0.6333433283025222,0.6310276607156865,0.6309483866453858,0.6295896953951894,0.6275451246586696,0.62737971571574,0.6270350749045831,0.6259520689197844,0.6259196692043126,0.6259196692043126,0.6259003909404945,0.6256948136976992,0.6235545015445271,0.6227320397770423,0.6227042230676723,0.6226671849613511,0.6202383101807963,0.6202259788470355,0.6202259788470355,0.6200216073982727,0.6185888761083055,0.6179874407068455,0.6179833374987624,0.6173591436858024,0.6168438197403303,0.6167949276721282,0.6168005985478656,0.6167791518150568,0.6166468063060084,0.6166398132114412,0.6164951740219325,0.6166024640192276,0.6165971009698956,0.6162120348922918,0.6162120348922918,0.6151013816914379,0.6151013816914379,0.6150214034395526,0.6149370167026275,0.6149370167026275,0.6143081440582866,0.6142188121528536,0.6140887569237632,0.614095893111897,0.614095893111897,0.614095893111897,0.6136464042339869,0.6136379787493127,0.6133310213090725,0.6133310213090725,0.6132690008624893,0.613119234295761,0.6127717914728664,0.6128131993620426,0.6118895628046948,0.6118696999644395,0.6098064436176258,0.6092418187216334,0.6092418187216334,0.6092418187216334,0.6092005605659946,0.6091737011917736,0.6085696181542037,0.6085034168376611,0.6091756968506647,0.6090149943099472,0.6090149943099472,0.6091961447399378,0.6091961447399378,0.6091903165938888,0.6088283014352179,0.6088000600552997,0.6088000600552997,0.6088000600552997,0.6086066405973767,0.6073934334567838,0.6073934334567838
1.6253898805432667,1.3842717528141077,1.3842717528141077,1.2739271737190794,1.2727487015283072,1.2727487015283072,1.2714677708382216,1.230876111673708,1.230876111673708,1.230876111673708,1.2308643112008502,1.2308586753277329,1.2308586753277329,1.230827786932355,1.22023333289222,1.2198215210771182,1.2198215210771182,1.2035147584207213,1.1884117426530556,1.188411221795518,1.1883985567237276,1.186415495414828,1.1856962887398708,1.1856962887398708,1.185084993833045,1.1833286196232908,1.1813801690290158,1.1779253110845223,1.1779253110845223,1.1638686994598977,1.1638686994598977,1.1630338599043903,1.1630338599043903,1.1557523236738831,1.1557523236738831,1.1557523236738831,1.15557217879522,1.1538330659726201,1.153694555028944,1.153694555028944,1.153694555028944,1.153694555028944,1.1466902986907521,1.1450896813495162,1.1450896813495162,1.1450896813495162,1.1450896813495162,1.1444916716257678,1.1395355773215456,1.1395355773215456,1.138306774027814,1.1377567328327045,1.1377141539367621,1.1377141539367621,1.1377141539367621,1.1377141539367621,1.1377141539367621,1.1377141539367621,1.1377141539367621,1.1377141539367621,1.1377141539367621,1.1377263199575904,1.1375000241931101,1.1369036791530636,1.1319927885204935,1.1319127913239133,1.126189419277795,1.126189419277795,1.1248466594834219,1.1248466594834219,1.12456653014808,1.1216708301086682,1.1206694255255922,1.1206694255255922,1.1139921528908001,1.1139921528908001,1.1133496151531623,1.1133496151531623,1.1133496151531623,1.1121482271314946,1.1119464015034188,1.1119464015034188,1.1119464015034188,1.1117850472002178,1.106632406424182,1.106518419417555,1.106518419417555,1.106518419417555,1.106518419417555,1.106518419417555,1.1064662461323456,1.1039710187878504,1.103952708901477,1.1031420892526926,1.1031420892526926,1.1031420892526926,1.1031420892526926,1.1031420892526926,1.1030876764851019,1.1030876764851019,1.1030876764851019,1.1030876764851019,1.1030876764851019,1.1030876764851019,1.1030876764851019,1.102315776095999,1.1022772992817405,1.1022772992817405,1.1022772992817405,1.09455440115186,1.09455440115186,1.09455440115186,1.09455440115186,1.09455440115186,1.09455440115186,1.09455440115186,1.09455440115186,1.09455440115186,1.09455440115186,1.09455440115186,1.0932906069666821,1.0932906069666821,1.0878956132518072,1.0878956132518072,1.0878956132518072,1.0878956132518072,1.0878956132518072,1.0878956132518072,1.0878956132518072,1.0884776216572312,1.091512588157037,1.0913794386977709,1.0913794386977709,1.0913794386977709,1.0911741947210358,1.0911741947210358,1.0911741947210358,1.0936761284444239,1.092234924649342,1.092234924649342,1.0951949246910273,1.0927655153895506,1.0897618399505944,1.0897618399505944,1.0855112158609987,1.0855112158609987,1.0855112158609987,1.0850630153492493,1.0850205080046509,1.0850205080046509,1.0850205080046509,1.0850205080046509,1.0850205080046509,1.0850205080046509,1.0850205080046509,1.085007631520123,1.0520920711577835,1.0520920711577835,1.0520920711577835,1.0520920711577835
1.0911790519586946,1.0536208470492383,1.0325792243197767,0.9616270645900944,0.9476285228861521,0.9459633245879188,0.9263660022446619,0.9052354690185642,0.8985938041156404,0.896752798578756,0.8958593692620157,0.8950698334065575,0.8929046684151277,0.8906029533662122,0.8897176794150891,0.8745196116525306,0.8676089059895468,0.8667783007865246,0.8658915839297012,0.865163843179049,0.8651293665907716,0.8639338629013963,0.8621655998663493,0.8624712465755694,0.8596832623279331,0.8585118811440324,0.8585118811440324,0.849975485320429,0.836403132227688,0.836403132227688,0.836398001129163,0.8352904789388013,0.8347963879701255,0.8343514746659815,0.8300750149723547,0.8300901017364906,0.8263701978680411,0.8263368871582678,0.8228115042055857,0.8225938978601507,0.8225860947400493,0.8210190546832116,0.8210587836085546,0.8210587836085546,0.8174532715444418,0.8174433814546727,0.8149959329512279,0.8149925807047163,0.8144852835885645,0.813843078680552,0.8106614679050271,0.8106728741740907,0.8082523687603435,0.8081614246455431,0.794411988773361,0.794411988773361,0.794411988773361,0.7942132306679848,0.7933335886214221,0.7926593512256255,0.7924694120771927,0.7905821187160414,0.7905821187160414,0.7904705123201797,0.7864666367022545,0.7861694200806415,0.7871954552960619,0.7871504868021956,0.7871504868021956,0.7871504868021956,0.7858508730902175,0.7858508730902175,0.7858508730902175,0.7857783630888341,0.7858104872229973,0.7864826916626732,0.7864500587553344,0.7851241088262925,0.7852715067088628,0.7836552780247362,0.7834948971629146,0.7834870060888697,0.7835046594760213,0.7826389766114153,0.7825847906888175,0.781848288168842,0.781853880269346,0.7799717087939423,0.7798210660990583,0.7778551321665388,0.7773991015922284,0.7773991015922284,0.7773948829352948,0.7773067558281395,0.7772937098727427,0.7772937098727427,0.7764374950713131,0.7764919575934323,0.7755132047348364,0.775497242310488,0.7747029217245881,0.7746441368508273,0.7753004648589752,0.7750497440222167,0.7749799970314154,0.7742248218029998,0.7742248218029998,0.7742937197340007,0.7743003088653847,0.7740893031883443,0.7732869093485417,0.7732869093485417,0.7732785433990623,0.7732785433990623,0.7732785433990623,0.7732785433990623,0.7732785433990623,0.7730685607416569,0.7727522829243946,0.7725289186984663,0.7701469348272542,0.7701553007767337,0.7700077540993956,0.7700077540993956,0.769989814695006,0.7694762406593335,0.7697441139185035,0.7686405698777209,0.7686405698777209,0.7686405698777209,0.7660962856670991,0.7661440848880653,0.7660803691210274,0.7660803691210274,0.7651501605778801,0.7651501605778801,0.7651338796559546,0.7651081549408384,0.7650962584967348,0.7650962584967348,0.7646158580701021,0.7644109474127928,0.7642398867095177,0.7642398867095177,0.7642398867095177,0.7640800435901733,0.7640919400342769,0.7638344601440004,0.7638947247456757,0.7638947247456757,0.763482890283348,0.7627862894587283,0.7627862894587283,0.7627862894587283,0.7627872919123149,0.7627780668330055,0.7627482275066277,0.7622314920746757,0.7622423715140989,0.7622423715140989
1.2362867114962142,1.1927570577777216,1.1845073957227812,1.1650862860169504,1.1501894476775523,1.143548029114241,1.1306509140307799,1.1306509140307799,1.1269368205847592,1.1118580583575268,1.1118154325150689,1.109978869824387,1.109978869824387,1.1097168279054865,1.1031504696056238,1.0889165226997803,1.0883733638947617,1.077093407902058,1.071975381904899,1.071936939356176,1.071933400595858,1.0715481309357069,1.0712373565533357,1.0695384380170045,1.0695384380170045,1.0695384380170045,1.067180616397902,1.065339613661225,1.0612208210775442,1.0595127223819454,1.054597736348907,1.05254889499914,1.0520923525792432,1.0470641260389573,1.0470479122691199,1.0469349474668355,1.045587656250239,1.0430194282145524,1.041383593588784,1.040569486963391,1.0403001611404643,1.0398517817033301,1.0396155191197929,1.0396155191197929,1.0366734325673101,1.0345870026942827,1.0326667789298414,1.0310532455623793,1.0310532455623793,1.0310532455623793,1.0307727007458087,1.0265817323242248,1.0264903447383862,1.0263566628687157,1.0263566628687157,1.0243293764368058,1.021858037572689,1.019392008616873,1.0193203338703487,1.0193203338703487,1.0190906406245772,1.0182055094723812,1.0180047749093493,1.015977484726698,1.0145328311214237,1.0132369605974016,1.0132369605974016,1.0129403998358395,1.0129403998358395,1.0103813404588857,1.0103813404588857,1.0103813404588857,1.009943903092764,1.0088591639921418,1.0084183990731668,1.0052709180107855,1.0052065223838746,1.0051949790199297,1.0051949790199297,1.0051949790199297,1.0051350615146997,1.00493788965226,1.0046702647808319,1.0026316120971428,1.0020509106875122,1.0017273122833799,1.0017273122833799,1.000868692589005,1.0008005839346716,1.0008005839346716,0.9985706501295739,0.9983284958196273,0.9978274211276198,0.9978274211276198,0.996616230772827,0.99660277929126,0.9963597755582829,0.9962979360280037,0.9962979360280037,0.9962979360280037,0.9962979360280037,0.9960393562429186,0.9957864129224461,0.9957864129224461,0.9946360623935974,0.9946360623935974,0.9942431244104922,0.9940949599340398,0.9940512362485675,0.9935245851074176,0.9928659412538575,0.9925753695362011,0.9924509120711754,0.9924680267095641,0.9911974370484152,0.9911974370484152,0.9906061054000924,0.9900586546059702,0.9897968794408772,0.9897555871807422,0.9895287431933719,0.98952747340933,0.9895271785972488,0.9894012833200023,0.9894012833200023,0.9891519082426484,0.9890282096044911,0.9889287964703438,0.988852203318249,0.988852203318249,0.988852203318249,0.988456596738018,0.988456596738018,0.9884476035127037,0.9879526492927444,0.9876515642856916,0.9876515642856916,0.9880614333686684,0.9877117121639484,0.9877117121639484,0.9877117121639484,0.9866812841845017,0.9866156442298847,0.9865441001532919,0.9866176349177067,0.9866512983576927,0.9865623725582563,0.9865623725582563,0.9865623725582563,0.9865484627613959,0.9865484627613959,0.9865580641330278,0.9865580641330278,0.9865580641330278,0.986354105025758,0.9849479991585921,0.9849479991585921,0.984484554348505,0.984484554348505,0.9845768951722902
0.7910305778153413,0.7881287917286667,0.7807604725733668,0.6635070742437473,0.6617662281383854,0.6412635509066545,0.640708244720458,0.6359732487046796,0.6236427483289441,0.6236427483289441,0.6223897775346013,0.5936365489604252,0.5836916763550215,0.5658273411717454,0.5530346148782669,0.5507539512621746,0.5490037883177663,0.5444377926276537,0.5369555038393331,0.5355100843309656,0.5345003620421609,0.5270483114802685,0.5243046685854286,0.5154181058472496,0.5122467790323736,0.5143546584786665,0.513339367065629,0.5075950720867051,0.5035338732205042,0.5001363907844586,0.4965930901460386,0.49621941889196136,0.4910169482710329,0.49006063354654206,0.4899981084063305,0.48479077661325926,0.4824149450429058,0.4748515829116832,0.4718187133299711,0.44006200760851083,0.4400113493771421,0.4387452163235148,0.43868748114517825,0.4375742119629011,0.43735714692597,0.4355374962977846,0.43549346407787154,0.4336834025793954,0.4329104016533825,0.43248957047124653,0.4108733227512067,0.40779013359912314,0.40765495413060193,0.40763476276333627,0.4076314732817278,0.40737468834176005,0.4072547531704545,0.4065209289105126,0.4065071319517195,0.4064949210759164,0.404859406525274,0.40430201704701546,0.4039808543235323,0.4040667797600726,0.4035733200839856,0.4035359870482589,0.40363698271937454,0.40361365694478574,0.40302238364302106,0.4023016221801676,0.4028379568633859,0.4042211847472948,0.4047271944092414,0.40462632677356486,0.40240447029447207,0.4024558830475898,0.4019620743350779,0.4020126593961902,0.401374584036108,0.4009362899973118,0.4023482415291877,0.4025281692175948,0.4022086763079448,0.3977320743323342,0.3964280249496027,0.39510641762612164,0.3975274525039057,0.3981458588525856,0.3959956998201746,0.3942127164904115,0.394383422874666,0.394383422874666,0.39266117185481364,0.38600601183252475,0.38608569108577173,0.385995964294726,0.3846632557360423,0.3824420713770833,0.382467310966497,0.37956407978750106,0.3791717893544336,0.37912205793652315,0.3789322706107347,0.3789266767407328,0.37870004516716693,0.37905787617024805,0.37893312221507436,0.3793666930579657,0.37911392071370564,0.3786556258274677,0.37894932060104214,0.3789916215329063,0.37891267731171496,0.3783461636170767,0.3784887153153212,0.37841693827129713,0.37523090325591785,0.37523090325591785,0.3752228858239858,0.3724131492306008,0.37242893809302036,0.37277564169858385,0.37273587391959656,0.372103747567959,0.371927592270503,0.37214853360166616,0.3733707314566697,0.3712007076988293,0.3712007076988293,0.37105040152232205,0.37089158968810493,0.37109853591027225,0.3713083407529802,0.37158097719323485,0.3705618107557295,0.3710955321273842,0.3711514433083243,0.3710935518343142,0.37163770029648807,0.3737826292740622,0.37349585042788935,0.3727769145120234,0.37271360024696215,0.3720028469070315,0.37194236807284464,0.37194236807284464,0.3717010874816878,0.3711527683788167,0.37105826630487604,0.37113238745037896,0.37162475824698815,0.3716754204211117,0.3715697658410663,0.36890769898944503,0.36821299559922044,0.36821299559922044,0.36791418855929875,0.36726732673129175,0.367483241720032,0.36715994818888653
1.5331338077242704,1.490157949699295,1.4729094856439542,1.4729094856439542,1.4729094856439542,1.472590274813778,1.472590274813778,1.471739127986994,1.459292718448129,1.459292718448129,1.459292718448129,1.459292718448129,1.4481906236677158,1.4481906236677158,1.4355219271322903,1.4353486824529846,1.4353486824529846,1.4353486824529846,1.426552535733444,1.426552535733444,1.426552535733444,1.4260465458358125,1.4260465458358125,1.4244850925681927,1.4243679227514643,1.4243679227514643,1.4242693045343773,1.4229723870918696,1.4130838813956095,1.4130838813956095,1.4117210822762316,1.4117210822762316,1.4117210822762316,1.4117210822762316,1.4117210822762316,1.4117210822762316,1.4117210822762316,1.4117210822762316,1.4117210822762316,1.4117210822762316,1.4117210822762316,1.40925400974702,1.40925400974702,1.40925400974702,1.40925400974702,1.40925400974702,1.40925400974702,1.4077387690545027,1.4077387690545027,1.4077387690545027,1.4077387690545027,1.4077387690545027,1.4077387690545027,1.4077387690545027,1.4077387690545027,1.4077387690545027,1.4077387690545027,1.4077387690545027,1.4077387690545027,1.4077387690545027,1.4077387690545027,1.4077387690545027,1.4077387690545027,1.4077387690545027,1.4077387690545027,1.4074035153131026,1.4074035153131026,1.4074035153131026,1.4074035153131026,1.406475620063085,1.406475620063085,1.4057827994972638,1.398096387973863,1.398096387973863,1.398096387973863,1.398096387973863,1.398096387973863,1.398096387973863,1.398096387973863,1.3946706246409397,1.3946706246409397,1.3946706246409397,1.3946706246409397,1.3946706246409397,1.3946706246409397,1.3946706246409397,1.3836896768728613,1.3836896768728613,1.3836896768728613,1.3836896768728613,1.3836896768728613,1.3836896768728613,1.3836896768728613,1.3836896768728613,1.3836896768728613,1.3836896768728613,1.3836896768728613,1.3836896768728613,1.3836896768728613,1.3836896768728613,1.3836896768728613,1.3836896768728613,1.3836896768728613,1.3836896768728613,1.3836896768728613,1.3836896768728613,1.3836896768728613,1.3836896768728613,1.3836896768728613,1.3836896768728613,1.3827873694269666,1.3827873694269666,1.3827873694269666,1.3827873694269666,1.3827873694269666,1.3827873694269666,1.3827873694269666,1.3827873694269666,1.3827873694269666,1.3827873694269666,1.3827873694269666,1.3827873694269666,1.3827873694269666,1.3827873694269666,1.3827873694269666,1.3827873694269666,1.3827873694269666,1.3827873694269666,1.3827873694269666,1.3827873694269666,1.3827873694269666,1.3785114994343084,1.3785114994343084,1.3785114994343084,1.3785114994343084,1.3785114994343084,1.3785114994343084,1.3785114994343084,1.3785114994343084,1.3785114994343084,1.3771029466086768,1.376094695350675,1.376094695350675,1.376094695350675,1.376094695350675,1.376094695350675,1.376094695350675,1.376094695350675,1.376094695350675,1.376094695350675,1.376094695350675,1.376094695350675,1.376094695350675,1.376094695350675,1.376094695350675,1.376094695350675,1.376094695350675,1.376094695350675,1.3757228519770006,1.3757228519770006
1.2308163648817763,1.2193782841659144,1.2065592471109248,1.2065592471109248,1.1890761643863499,1.188397435450178,1.18824442952083,1.1875541165627106,1.1831186453161129,1.1819894029535993,1.179984936178294,1.179984936178294,1.179984936178294,1.179908461015796,1.1779077325452207,1.1710832344772082,1.1709439828897132,1.1695703394251455,1.1686241949442342,1.1667036575010656,1.1665302278402574,1.1665302278402574,1.1663692607137994,1.1663692607137994,1.1655465423174964,1.1655465423174964,1.1652308937252163,1.1645210174669882,1.1637173938596923,1.1637089672076377,1.1614561379299233,1.1607836727501946,1.1607836727501946,1.1607836727501946,1.1611899295842292,1.1610962028448704,1.160759890965098,1.1574466155945136,1.1574466155945136,1.1540032874807364,1.1426384290236793,1.1422974740065195,1.14222390657435,1.1416114951304308,1.1416114951304308,1.1402759998171612,1.1402759998171612,1.1402759998171612,1.140138105615629,1.1400539558430314,1.1374574071046275,1.1374513082284758,1.1374778149003784,1.13731472967394,1.137326586610823,1.137326586610823,1.137326586610823,1.137326586610823,1.1373219897646478,1.1372499605518165,1.1363312252412012,1.1363312252412012,1.1363312252412012,1.1363312252412012,1.1363241769739723,1.1358867032631614,1.136294550609815,1.136294550609815,1.136294550609815,1.1362924365994105,1.136294550609815,1.1364198009611817,1.1363986821835115,1.1329904736772962,1.1329904736772962,1.132987923393718,1.1327310946221312,1.1327286918823183,1.132220275993867,1.1324935730664638,1.1323496326372597,1.1323440635531778,1.1323440635531778,1.1323013850040808,1.1321834264791322,1.132190680193984,1.1323211780604205,1.1323211780604205,1.132295752689253,1.132255998389232,1.132295752689253,1.1295146179023452,1.1295107165247027,1.1295146179023452,1.129583040242847,1.1291182003467055,1.129684372980183,1.129683560697673,1.1296298109021528,1.1282919024767228,1.1282866576721544,1.1283693616127992,1.1277097783244712,1.1276624235323056,1.1274665670434525,1.1257079179065819,1.1253281790404983,1.1253281790404983,1.1253281790404983,1.1253281790404983,1.1250183480239606,1.1249630359474179,1.124909554930099,1.124878019091685,1.124878019091685,1.124782095136756,1.1246489977152483,1.1246365032230001,1.124298284648298,1.1240520577974398,1.1240520577974398,1.1235169304695762,1.1228047454825298,1.1225578586114213,1.1225578586114213,1.1225578586114213,1.1214688842831402,1.1214688842831402,1.1214337824742127,1.1213630442835856,1.121546564438065,1.121546564438065,1.1215421400669479,1.1214711038227163,1.1213788600993249,1.1213788600993249,1.1213787441015568,1.1214390589762415,1.121537831538495,1.1215435561424605,1.1215438065938832,1.1201981994712964,1.120116334727549,1.120116334727549,1.1201341841924743,1.1201931868239277,1.1202031918389923,1.1202309650768179,1.1201286324918824,1.1201286324918824,1.1201539403142637,1.119963588841979,1.119963588841979,1.119963588841979,1.119963588841979,1.1199680012490483,1.1199680012490483,1.1199261266773342,1.1191535494811853,1.1191488591659688
0.9532123324037198,0.93023177106949,0.9071600347775145,0.8819545660705187,0.8735724174487731,0.8529899237976878,0.8224065338127755,0.8209979964090509,0.8124922705304778,0.8082991490782113,0.7828903806324244,0.7828576692269305,0.7824670980045915,0.7790128698586801,0.7789127651983905,0.7746391278517528,0.7729376500183315,0.7723823283660896,0.7703021181560905,0.7629364116368644,0.7628469997240552,0.7614194433348369,0.7581419348230233,0.7559112399517872,0.7558748858002862,0.7525534312396543,0.751968961832412,0.749385236573147,0.7491468205745245,0.7485563506164722,0.7449093921648476,0.7437914974693027,0.7434209203187532,0.7434209203187532,0.7420492663464575,0.7416327367295723,0.7285309485099871,0.7283876710234088,0.7262452056510839,0.7243829844454274,0.7239396802315483,0.7157123043826997,0.7153018212470562,0.7145761069937417,0.7143775309078367,0.7143775309078367,0.7129190964025248,0.7098638311547724,0.7093094578696577,0.7060879636049665,0.6970769726852349,0.6960550101387639,0.6954973167503218,0.6937442294741366,0.6927869369008091,0.6927869369008091,0.6927675789398817,0.6927675789398817,0.686789258758206,0.6866020086698656,0.6864106511818416,0.686415732610598,0.6863877292272201,0.6863877292272201,0.685110966712478,0.685110966712478,0.6851064697295018,0.6850539479056816,0.685009890268216,0.684978094489578,0.6848197340405151,0.6848188312224495,0.68460932884973,0.6845482047386486,0.6845192671786918,0.6769337496251484,0.6755797675503751,0.6754816811425954,0.6744270087563702,0.6741181994014005,0.6740648110239301,0.6728435191939527,0.6728331633603833,0.6723176152310797,0.6719889960725147,0.6702071886374442,0.6701738412922542,0.6695117436396186,0.6694693311860029,0.6693263040268195,0.6692205973104064,0.6689991526436849,0.6689106524981625,0.6689164590394445,0.6689430848093343,0.6689430848093343,0.668942410777272,0.668822028549951,0.668822028549951,0.6686480779327509,0.668648645374092,0.668648645374092,0.6686495314557709,0.6677584312862574,0.6674023366404108,0.6673685610820176,0.6673685610820176,0.6673685610820176,0.6673497733324641,0.6669987371197392,0.6627445109397958,0.6627203726023319,0.6627118058502736,0.6627118058502736,0.6627123959669529,0.6627117613439991,0.6627117613439991,0.6628319417509952,0.6627140995242667,0.6627155320425997,0.6627024767558617,0.6623532714246824,0.6623078039447795,0.6623078039447795,0.6623078039447795,0.6622745139114593,0.6624746631227301,0.662528516659053,0.662528516659053,0.6624676799302871,0.6621986697742072,0.6620999699455441,0.6620839357723503,0.6621032679379416,0.6621023221424599,0.6620907444677203,0.6620907444677203,0.6620907444677203,0.6601940158242274,0.6602487029646591,0.6602669724641888,0.6603589760912042,0.6603579120375229,0.6603561401740262,0.6605150154301427,0.6601009785924452,0.6594345702781829,0.6594257829826228,0.6592738273663495,0.6591535171112053,0.6589335463942307,0.6589734164704655,0.6589618082507609,0.6589601451741688,0.6588113471475062,0.6588113471475062,0.6587973620369918,0.6587766785861092,0.658771604328694,0.6632266426061499
1.3818584298822563,1.3745597320845804,1.365271345626879,1.3567686734330695,1.3489294813101307,1.3487739216821073,1.348590961836836,1.3429905601952365,1.3372898710666672,1.3372898710666672,1.3329451961989682,1.3329451961989682,1.3342066919702584,1.332328416022076,1.330708283913496,1.3290116476689178,1.3222782737727459,1.3222782737727459,1.321777542134746,1.317965634202238,1.317965634202238,1.319453417893083,1.319453417893083,1.3175135081196598,1.3049101722515144,1.3049058777029892,1.3007686568522154,1.3007686568522154,1.3007686568522154,1.3007686568522154,1.3007686568522154,1.3007686568522154,1.3007686568522154,1.3007686568522154,1.3007686568522154,1.3007686568522154,1.3007686568522154,1.3007686568522154,1.2988955542949394,1.2988955542949394,1.293491319681229,1.292903169279153,1.293087579146961,1.293087579146961,1.2929752166953579,1.2928537811620542,1.2928310008244104,1.2916618544296499,1.2919648684260192,1.2919648684260192,1.2901573764296337,1.2862824546455562,1.2862824546455562,1.2861404463963575,1.2838511613836743,1.2838207717609924,1.2838207717609924,1.2831715454014447,1.2831715454014447,1.2831715454014447,1.2822427661615807,1.2811347567033347,1.2811347567033347,1.2811321847877954,1.2740191641786824,1.2740191641786824,1.2740191641786824,1.2752714421365,1.2752714421365,1.2752714421365,1.2750321957643933,1.2750321957643933,1.2750321957643933,1.2750321957643933,1.2745457236727582,1.274659347167597,1.274659347167597,1.274659347167597,1.274659347167597,1.274659347167597,1.274659347167597,1.274659347167597,1.274659347167597,1.274659347167597,1.2645145262959276,1.2643923901734333,1.2637366815336253,1.2634841091737778,1.2634841091737778,1.2634764894576471,1.2634764894576471,1.2629361265245371,1.263506850947535,1.2629945292303912,1.2629773164464715,1.262917691961374,1.2625720771617872,1.2625720771617872,1.2625720771617872,1.2590300007301884,1.2625720771617872,1.2625720771617872,1.2625720771617872,1.2625720771617872,1.2625720771617872,1.2625720771617872,1.2624566908053727,1.2619425088349094,1.2619425088349094,1.261940559074121,1.261940559074121,1.2616263086090826,1.2616263086090826,1.2616263086090826,1.2616264300624749,1.2616154120745813,1.261538761319883,1.261538761319883,1.2612033909441966,1.2586474778231977,1.2603993733398051,1.2603733963740886,1.2603733963740886,1.2603503821601707,1.2592634745032962,1.2592634745032962,1.2592634745032962,1.2592634745032962,1.2589578040177674,1.2589578040177674,1.25883345580216,1.25883345580216,1.258042835411734,1.2569140204227873,1.256918671264091,1.2529354925141931,1.2529354925141931,1.2529354925141931,1.2526802705000677,1.2526802705000677,1.252199899555612,1.252199899555612,1.2521997650424856,1.2521997650424856,1.2521302167742914,1.2521302167742914,1.2521043350841576,1.2521043350841576,1.2521043350841576,1.2521043350841576,1.2505660480159897,1.2519455323236104,1.2519455323236104,1.2519455323236104,1.2519455323236104,1.2517622532343184,1.2517622532343184,1.2516003516698289,1.2512789214557465,1.2510767431408278
0.9872832825520129,0.9782668088271709,0.9138331716973247,0.8855088522317444,0.884220234611474,0.8760287629768861,0.8538717665732319,0.8513804217025319,0.8398891447777805,0.8252562385757135,0.8242184944402634,0.8192656028943933,0.8179320665331677,0.8174846692725055,0.8140479437561168,0.8138781943551434,0.8093795773596025,0.809239006534249,0.804984485911096,0.798398330855948,0.7954718898094826,0.789998516686144,0.7883965237996342,0.781977062502199,0.7754592418271137,0.7747119943662444,0.7736197908220538,0.7735000596165896,0.7734323473868701,0.7727202074019262,0.7719551799567457,0.7705427121025757,0.7701627700175572,0.7706810120199616,0.7579800742556418,0.757310648466806,0.7551955189974728,0.7551769855178436,0.754697392269137,0.7526518453059354,0.7476539776970821,0.7476526064441686,0.7512947746238315,0.7501134645429827,0.7448536797213907,0.7444215910929953,0.7417041362306455,0.7399933316445708,0.7396882666051018,0.7356497478322731,0.735399828616509,0.7281188074749604,0.7274169936219911,0.7273465181380868,0.7304702030466192,0.7286864194659669,0.7282990478403516,0.7266552616508646,0.7263791110783303,0.7262134400915647,0.7258167828714193,0.7258128337190497,0.7170742968424619,0.7168955309740449,0.7167346477853528,0.7130973667277285,0.7130700711983957,0.7128053294692098,0.7086836694176274,0.7085700474648082,0.7087802279574773,0.7055859650390819,0.7050449875701602,0.7044477293510442,0.7039151877998512,0.7036379531535207,0.7035869921781132,0.7035869921781132,0.7016498516680935,0.7016139988276116,0.6973740694123168,0.6972772785321325,0.69680725653667,0.69680725653667,0.6958330744771252,0.6933859221594292,0.6933859221594292,0.6933461206990382,0.693287920803349,0.6924321596681032,0.6918060964798146,0.6896862355836366,0.6896630391627666,0.6897875228693122,0.6897875228693122,0.6896080903444582,0.6894470324495702,0.6870095649542275,0.6869637238024577,0.6872544127562275,0.6873269609488638,0.6873269609488638,0.687269241435804,0.6793342238460385,0.6793342238460385,0.6793342238460385,0.6790632596127755,0.6790255876469853,0.6790292558739133,0.678919401541479,0.678919401541479,0.6789728247974093,0.6772037078378603,0.6770309809925635,0.6771597743887636,0.6771541446998824,0.6771091383707737,0.6726908073909293,0.6726908073909293,0.6726828319478156,0.6724295222046528,0.6723810917018237,0.6710459274093911,0.6710266610239951,0.670747015271732,0.670747416892664,0.6705204093524099,0.6705077089516738,0.6701526381395607,0.6696798764653719,0.6696862066047602,0.6696862066047602,0.6696862066047602,0.6696649555123193,0.6696526202808362,0.6696526202808362,0.6695522045235993,0.6693864094377137,0.6695062491318845,0.6682046527291051,0.6694284742865751,0.6694284742865751,0.6691915722263926,0.6692039074578756,0.6691412302226466,0.6691412302226466,0.6691412302226466,0.668798291667178,0.6688013538979916,0.6687711372717955,0.6684358437601031,0.6684358437601031,0.6684796537295306,0.6683291331000608,0.668327012090425,0.6683098329670303,0.6683098329670303,0.6684112424273391,0.6684084322594659,0.6683302807754731
1.1068023689235627,1.089789261095396,1.0695832821476428,1.0575311031737535,1.050120847921827,1.0397182054972633,1.0397182054972633,1.0395212317037426,1.0330242070533362,1.0290310122259443,1.0141502231786048,1.0141502231786048,1.0075742960804717,1.0056192992163304,1.0014710128610387,1.0014542823020303,1.0006147936192737,0.9857819317595072,0.9849412214769886,0.9833707584585951,0.9833707584585951,0.9833707584585951,0.9833699437748482,0.9791289583545356,0.9791289583545356,0.979098061741212,0.9790969374936116,0.9790969374936116,0.978828162799653,0.9782033573353413,0.9774585800679806,0.9774585800679806,0.9774502414927255,0.9774470851145791,0.9710823946225678,0.9663597698289688,0.9663592906768,0.9593711392520814,0.9564340084940122,0.9564340084940122,0.9564301227999197,0.9540696178542045,0.9540622167970815,0.9540621732256138,0.9529576119026993,0.9529588558463902,0.9529494894193292,0.9529494894193292,0.9529489876261495,0.9529482774313951,0.9529482774313951,0.9529482774313951,0.9519133519404003,0.9519133519404003,0.9519133519404003,0.9454757541866812,0.9454757541866812,0.9454757541866812,0.9454757541866812,0.9454757541866812,0.9454757541866812,0.9454757541866812,0.944951437020579,0.9430400070910389,0.9430400070910389,0.9430400070910389,0.9430400070910389,0.9430400070910389,0.9430400070910389,0.9430400070910389,0.9430400070910389,0.9430400070910389,0.9356167687791874,0.9356167687791874,0.935013923570087,0.935013923570087,0.935013923570087,0.935013923570087,0.935013923570087,0.9332464550283177,0.9330492431186201,0.9330492431186201,0.9330492431186201,0.9330492431186201,0.9330492431186201,0.9330492431186201,0.9317583373264261,0.9317583373264261,0.9317583373264261,0.9317583373264261,0.9317583373264261,0.9317583373264261,0.9317583373264261,0.9317583373264261,0.9317583373264261,0.9317583373264261,0.9317583373264261,0.9317583373264261,0.9317583373264261,0.9317583373264261,0.9317583373264261,0.9317583373264261,0.9317583373264261,0.9317583373264261,0.9291811221161246,0.9291811221161246,0.9291811221161246,0.9286724109267833,0.9286267377225099,0.9266652937744815,0.9266652937744815,0.9266652937744815,0.9266652937744815,0.9266652937744815,0.9266652937744815,0.9266652937744815,0.9266652937744815,0.9266652937744815,0.9266652937744815,0.9266652937744815,0.9266652937744815,0.9266652937744815,0.9266652937744815,0.9266652937744815,0.9266652937744815,0.9266652937744815,0.9266652937744815,0.9266652937744815,0.9266652937744815,0.9266652937744815,0.9266652937744815,0.9266652937744815,0.9266652937744815,0.9266652937744815,0.9266652937744815,0.9266652937744815,0.9266652937744815,0.9266652937744815,0.9266652937744815,0.9266652937744815,0.9266652937744815,0.9266652937744815,0.9266652937744815,0.9266652937744815,0.9266652937744815,0.9271074425594665,0.9271074425594665,0.9271074425594665,0.9271074425594665,0.9267870435440667,0.9267870435440667,0.9267870435440667,0.9267870435440667,0.925543424143581,0.9254079711762457,0.9254079711762457,0.9254079711762457,0.9250217046469164,0.9254079711762457,0.9254079711762457
0.8378294462797139,0.8286125131039516,0.7985422115499569,0.7045727313908218,0.7036248514333855,0.7030028831846657,0.6791741490982579,0.6735951280936159,0.6711615738213139,0.6678454865070805,0.6666882141493176,0.6582224492582318,0.6475607173849541,0.6389784902141624,0.63222464488715,0.6179466024201489,0.6157467519229455,0.6112792430497347,0.5993334963379112,0.5918965299047255,0.5908613568017761,0.5901780132386845,0.5870356819134614,0.5870356819134614,0.5814525018753602,0.5789282329699196,0.5788243701950877,0.5788223532053073,0.5758453035187917,0.5651923647519664,0.5650017435887892,0.5642446765802128,0.5607626199419536,0.5603750400129277,0.5602633714509933,0.5599665412118943,0.5580190066523059,0.5561603553327937,0.5561611735888472,0.5555042731295956,0.555334793029874,0.5539392026619504,0.553886803979744,0.5538776477725326,0.5537897742818447,0.5536449321889368,0.5536373862909608,0.5492790135675512,0.5493840582671277,0.5484696661718206,0.3641209260735464,0.35515730155767766,0.33206864892725135,0.33206864892725135,0.33204506747805757,0.33204506747805757,0.32400581061757694,0.3168622923450002,0.32290299266227607,0.3170412899270348,0.3170412899270348,0.3171479523062277,0.3107546101693291,0.3106996236707156,0.3032070682510854,0.3031617154999278,0.30265236234202814,0.30162522557816024,0.29952360595860894,0.2967333402118351,0.2520675761028428,0.2510777642594542,0.24257802835518627,0.2425828315462108,0.23752123005382073,0.23076567823690575,0.21766205443047787,0.21755009066005318,0.21382318399345362,0.21197488937567643,0.21197488937567643,0.20935725333944613,0.20924193611361755,0.20887055257205914,0.20895299542743018,0.20882067237298724,0.20872494740604472,0.20872494740604472,0.20863390894225928,0.20863390894225928,0.20375969022388288,0.2031636891989389,0.20249183977481527,0.20229643855981494,0.20141137557795444,0.20010751483062011,0.19965381098608315,0.19921555356187115,0.19652901242892556,0.19660159128191626,0.19660632396754588,0.1933461388061064,0.19336901608764975,0.19335098264903014,0.19335098264903014,0.1835572647727599,0.1829616985554884,0.18293124211472445,0.18544228785390923,0.18514132988115292,0.18594504303576714,0.18574569346776515,0.185677234737056,0.1846250946554269,0.18422653901010666,0.18194740794658837,0.18167611934479602,0.18145362018099462,0.1813324189848051,0.1816386348444474,0.1809463440116575,0.18057908102763748,0.17832698216638823,0.1782535264907444,0.179234666237243,0.17818013802555305,0.17790396381800636,0.17669610902540397,0.17711501151942866,0.17485898551782356,0.17450657950794454,0.17315447097161477,0.17317275259846426,0.17301329920195646,0.1730484406519922,0.17390030721763441,0.1735668305875126,0.17343126607089773,0.1733097376323239,0.17262150569194062,0.17118860555170498,0.17017107694544684,0.17080360088420551,0.17005731626563508,0.16946730536511034,0.16932958629576472,0.17012786509082742,0.1696728608044079,0.17059134567732034,0.17075679559384158,0.1693882681301018,0.16938783062590196,0.16818651337963197,0.1672212186750734,0.16703780315962372,0.16763434259463006,0.16771051342749266,0.16818574315754803,0.16900105481818883,0.16921022049316461
1.0684889482919486,1.0585245980567242,1.0220228811883973,1.0202824476663621,0.9872734049944348,0.9409589936057745,0.9408791049094631,0.9408789465062651,0.9358080104713319,0.9357669241423346,0.9357583509178635,0.9311928480641836,0.9253962197632151,0.9251892824049156,0.9116405700872892,0.9116405700872892,0.9112003272942385,0.9111035240023593,0.9084972417680898,0.9064708020079335,0.9062160585152682,0.9060564090511384,0.9072685255399014,0.9051719747150891,0.9038154224664762,0.8975070722196291,0.8965358702201608,0.9056767034715971,0.9034578163024947,0.9022558654424307,0.9003361120820125,0.9003361120820125,0.9002575550831011,0.8705409385600369,0.8668850949488243,0.8668877982273552,0.8668877982273552,0.8668820300852983,0.8648670115924196,0.8619956847822133,0.8634251047781489,0.8636380426835208,0.8634905426642282,0.8845838795892295,0.8842261722211467,0.8842232500669782,0.881172295183108,0.8662863210084035,0.865872664385147,0.8616057671883124,0.8616057671883124,0.8605976451109068,0.8617808964868648,0.8617947451485299,0.8617947451485299,0.8617947451485299,0.866506512778605,0.8662478025364232,0.861771150124878,0.8616962861981139,0.8612583808592916,0.8607602126865624,0.8607704935041686,0.85935340414452,0.8587112291571877,0.8585979579157811,0.8581809569792207,0.8581342220713721,0.8585077058596683,0.8575141818295481,0.8524835354402853,0.8527591376727998,0.8494705220858105,0.8505332501057776,0.8547056095997688,0.8545632795443382,0.8509690921649514,0.850814683107812,0.850814683107812,0.845158853967193,0.8450323993598882,0.8450323993598882,0.8449603310510365,0.8448056063064279,0.8445816729635292,0.8445319916784023,0.8515662112518224,0.8501654393886,0.843976893466904,0.8500330334628332,0.8491854945951129,0.8476759334036327,0.8480639974965091,0.8462396144162517,0.8445010191858859,0.847198394994102,0.8476705358658805,0.8474155326007496,0.8474155326007496,0.8449953870927087,0.8402981165017976,0.8377290676806062,0.8389616552628251,0.838940142269127,0.8381670478893601,0.8381670478893601,0.8378390504368795,0.8377683659129649,0.8300828003118675,0.8300828003118675,0.8299237687761045,0.8298874553301803,0.8295545023850406,0.827273461194843,0.827273461194843,0.8253260683509698,0.8241943215299175,0.824078001388368,0.8240298136745953,0.8240298136745953,0.8239202085834614,0.8221468564720735,0.8221468564720735,0.8223956148441051,0.8242742842015399,0.8239839456538043,0.8253911938388873,0.825281724935147,0.826716726360526,0.8266541003037547,0.8266760101206685,0.8254071397621043,0.8254071397621043,0.825401255455578,0.8253372464898137,0.8246875333413103,0.8248053950493945,0.8252818033487601,0.8250491961012402,0.8251003312115155,0.8248227913123074,0.825185197925881,0.8253763618460306,0.8238954438378956,0.8238169869612934,0.8238169869612934,0.821907293193238,0.821907293193238,0.8218304389966836,0.8231482249298512,0.8228584673437876,0.8228584673437876,0.8229158667234625,0.8220923767698759,0.8203504983188183,0.8199463712395988,0.8199463712395988,0.8191669878888471,0.8191669878888471,0.8181986080420227
1.3903747613248925,1.3432820645564505,1.3423062770582732,1.341810261447962,1.3002882404564164,1.2999961949423806,1.2869456572736455,1.2856672821696937,1.2821691404500395,1.281934541541323,1.279757135672336,1.2774839452753328,1.2738332215217167,1.26767394921649,1.26767394921649,1.26767394921649,1.2650269372602292,1.252972698485314,1.2513109672787701,1.2497599539009456,1.249060513029746,1.2445605532732085,1.236736610173622,1.2362747892617747,1.236269920845145,1.235358900094215,1.2309798538737602,1.229926197691684,1.2263265184925818,1.2263265184925818,1.2240808841148547,1.223508283755124,1.223508283755124,1.2085340773778626,1.2084963271211289,1.2084688894727211,1.2084688894727211,1.2042823068009636,1.1919341671347017,1.1919083736491105,1.190602835916036,1.1905991803209437,1.1860091833988486,1.1847915990178401,1.184456456555778,1.184451442030014,1.184027744964469,1.1840101369895963,1.1837654315086732,1.1836766592691221,1.1829768970345538,1.1829349087924392,1.182914988105941,1.182914225840399,1.1834478193685254,1.1832948168069723,1.182235989450657,1.181761920506201,1.1816546217455859,1.1821115564877307,1.182025784763316,1.1817078703788804,1.1817680160586435,1.1790111852862504,1.1782522264123008,1.178158610790346,1.1764662959974475,1.1760614696579113,1.1759949682735331,1.1757730623339067,1.175197340963689,1.175197340963689,1.175098790001081,1.175098790001081,1.174837158464676,1.1748122448940979,1.1747436525475397,1.174730838941998,1.174730838941998,1.1746583168481604,1.1746583168481604,1.1747049118781698,1.1747049118781698,1.1726197358222468,1.172289340623449,1.171356422045384,1.170173853756123,1.170015738757846,1.1701464295406054,1.16985185767754,1.16985185767754,1.169810711872027,1.169810711872027,1.169810711872027,1.1698059999336383,1.1685825473536322,1.1685384677045223,1.1685384677045223,1.1685384677045223,1.1685384677045223,1.1685384677045223,1.1684888627502334,1.1685091433837886,1.168499052887974,1.1682390758954628,1.16555123713004,1.1655212950756495,1.1632447908868426,1.1630495495974498,1.1628496124712282,1.162627961018759,1.162627961018759,1.1626205404844883,1.162361066919436,1.1620255375754998,1.1618572119362305,1.1618568870161283,1.1605949120073518,1.1604060299132,1.1603826253069383,1.1603826253069383,1.1603826253069383,1.1591127824233838,1.1587986368976106,1.1587986368976106,1.1601263102338246,1.1600735728899105,1.1597948181856388,1.1597631702810731,1.1597647500699464,1.1597647500699464,1.1597171300147426,1.1597171300147426,1.1596909899965149,1.1596097385489457,1.1596097385489457,1.1596097385489457,1.159640955922069,1.159640955922069,1.159640955922069,1.159635926749668,1.159635926749668,1.159635926749668,1.1596144796322845,1.1595885515378517,1.1595885515378517,1.1587881724856963,1.1587886030171384,1.1586402335046213,1.1582854392459305,1.1582854392459305,1.1581539245970862,1.1581539245970862,1.157974527595279,1.157957347928948,1.1582148304434141,1.1582148304434141,1.158198841985484,1.158198841985484,1.1581429575053543
