case_id,scenario,runs,successful_runs,success_rate,total_front_points,union_front_size,best_cost_usd,cost_median_usd,cost_q1_usd,cost_q3_usd,best_weighted_mean_delivery_time_h,weighted_mean_delivery_time_median_h,weighted_mean_delivery_time_q1_h,weighted_mean_delivery_time_q3_h,hypervolume_median,hypervolume_q1,hypervolume_q3,spacing_median,elapsed_median_seconds,elapsed_total_seconds,ideal_cost_usd,ideal_weighted_mean_delivery_time_h,nadir_cost_usd,nadir_weighted_mean_delivery_time_h,hypervolume_reference_normalized
D1,pilot_baseline,30,30,1.0,1014,84,24842445.19812098,25356256.0842871,25226298.440622937,25541187.051981695,615.6406286172274,623.5874171437874,620.6839726029082,626.399026187485,0.6853885518781282,0.6522381499375898,0.7060945015904141,0.0160789787905508,14.803709943080321,441.9534637061879,24842445.19812098,615.6406286172274,26855577.960465163,660.4667559181308,1.1|1.1
D1,uswc_compound_30pct_delay_168h,30,30,1.0,146,3,59604141.85182337,60401867.731110185,60113786.47344929,60632814.062772274,839.107531905242,840.7909689239095,840.2044669375985,841.1642908675194,0.5210408690497501,0.43279298880578415,0.6444965893186068,0.025128076491590764,14.332320903427899,430.3405410195701,59604141.85182337,839.107531905242,62105327.76431714,843.4318254007961,1.1|1.1
D1,uswc_compound_40pct_delay_168h,30,30,1.0,165,5,55008374.97447692,56242678.087818414,55975791.246715985,56472343.73208938,822.9712636347549,824.96675546594,824.2501207607946,825.7714213061332,0.4524504661069251,0.36231854223336857,0.6070663933691234,0.028055213908507074,14.342704004840925,428.1142336744815,55008374.97447692,822.9712636347549,57679966.24240799,829.3437496281155,1.1|1.1
D1,uswc_departure_delay_240h,30,30,1.0,116,9,64369302.18211224,64737971.327066824,64600078.52189498,64831200.69578418,842.7569994072766,843.2081512310824,842.9953714765358,843.7326122447633,0.7808259030356064,0.6926713012238919,0.9043930864882288,0.021245601923549073,12.760983592132106,382.86380753992125,64369302.18211224,842.7569994072766,65608720.636443615,846.743886070369,1.1|1.1
D1,uswc_departure_delay_336h,30,30,1.0,207,20,82929769.21975762,83289601.54967162,83115339.39810954,83388860.67817916,909.832112505777,911.2353699859168,910.62304066504,911.7624904289285,0.6075802358730582,0.44281234842882433,0.742528140337331,0.02944784992346982,12.33487521414645,370.8403926482424,82929769.21975762,909.832112505777,83844227.21837309,915.3370829642581,1.1|1.1
D1,uswc_port_capacity_675pct,30,30,1.0,1006,80,24842445.19812098,25356256.0842871,25226298.440622937,25541187.051981695,618.5277925788452,623.5874171437874,620.6839726029082,626.399026187485,0.7588924198702823,0.7224494251037137,0.7762641132255298,0.017003468423740703,14.864969960879534,442.60535064479336,24842445.19812098,618.5277925788452,27049678.61617833,660.4667559181308,1.1|1.1
D2,pilot_baseline,30,30,1.0,747,68,25042488.426821988,25277711.995491184,25162655.08831432,25387293.896634724,614.2157580011346,622.7134638938032,620.0441222027036,623.8528136555974,0.7428470213817568,0.6924363499869198,0.7762983850559437,0.021497814070183138,14.342226594453678,428.23216219898313,25042488.426821988,614.2157580011346,26640245.027966164,648.8895653143628,1.1|1.1
D2,uswc_compound_30pct_delay_168h,30,30,1.0,104,4,60899943.658607885,61944276.53001292,61673059.96036318,62073362.74113142,842.6801379806152,843.7851195279131,843.2235499534847,844.4799212627306,0.6070596472359794,0.44328184991188585,0.7171064295699937,0.011427499496520811,13.776004179613665,412.26898445189,60899943.658607885,842.6801379806152,63254966.44778253,847.9995634510807,1.1|1.1
D2,uswc_compound_40pct_delay_168h,30,30,1.0,102,4,55515460.14484352,56849728.53609352,56568668.927183114,57094098.97921926,823.1522450227264,825.510335037188,824.6329374144482,826.1137115635195,0.4267460878671876,0.2591270604769199,0.5751392038686391,0.025421961093356808,13.670143760507926,409.9841038826853,55515460.14484352,823.1522450227264,58355397.77852435,828.6927435188453,1.1|1.1
D2,uswc_departure_delay_240h,30,30,1.0,86,9,63849495.517318726,64420080.13864241,64255185.50032672,64594900.73283363,845.5125965654852,846.2130186360326,845.9875811343396,846.9404328938314,0.5482202272234875,0.34532448064821236,0.6969612582267773,0.009864982987835693,12.215115887578577,368.4939185506664,63849495.517318726,845.5125965654852,65233306.26621337,847.9925572039768,1.1|1.1
D2,uswc_departure_delay_336h,30,30,1.0,82,5,85289339.79874822,85539105.53313908,85497253.65169893,85636190.9886332,911.5207534844031,912.6553214920204,912.4113753594078,912.931942815636,0.5759907147646046,0.46430423566998924,0.6615948770716313,0.0,11.811989977024496,356.64223120640963,85289339.79874822,911.5207534844031,85959936.53108282,915.6021002679789,1.1|1.1
D2,uswc_port_capacity_675pct,30,30,1.0,821,83,25042488.426821988,25257890.58900448,25173480.55557577,25394723.304373067,615.8909096415874,623.797380801554,622.4406238487065,624.7426052419482,0.7655884090111469,0.7211462528623975,0.7945763660420938,0.02011409880732661,14.328850753838196,428.11520240223035,25042488.426821988,615.8909096415874,26819497.792406887,648.8895653143628,1.1|1.1
D3,pilot_baseline,30,30,1.0,826,71,26576332.611434035,27130204.126386963,27027917.901911195,27207432.99619214,628.0642444823245,635.1141538966688,633.4351147736375,638.4380515381438,0.6525251162925374,0.6252591632665971,0.690155829714644,0.02334491781879139,14.298524765530601,429.8169970768504,26576332.611434035,628.0642444823245,28699212.459725145,666.2327002301871,1.1|1.1
D3,uswc_compound_30pct_delay_168h,30,30,1.0,78,10,62039621.191734664,62946655.85550001,62601197.560020894,63231599.36751475,843.6059153193879,845.1630706405119,844.7205298161198,845.7786715743102,0.5002597507464575,0.3686748060021077,0.8013299247030767,0.0,12.906830943422392,389.4896770277992,62039621.191734664,843.6059153193879,64629241.682104714,848.0312762460721,1.1|1.1
D3,uswc_compound_40pct_delay_168h,30,30,1.0,79,2,58077654.25760909,59090648.72477777,58740073.57996493,59275548.44369298,826.6778711085142,829.1523024876433,827.9562413611502,830.0229108370183,0.41957800602298745,0.3275547948332146,0.6958453095547117,0.0028656596991712994,12.888146257260814,387.7740548597649,58077654.25760909,826.6778711085142,60616209.17428711,832.4164399536463,1.1|1.1
D3,uswc_departure_delay_240h,30,30,1.0,112,11,69321736.3166114,69709436.7932711,69557506.04267056,69899995.26860556,856.937508539805,857.4333825966512,857.2118117573631,857.5120846062026,0.5481938923927483,0.3608490511008841,0.7237522026001918,0.015596586900973104,11.965896590147167,359.91803463734686,69321736.3166114,856.937508539805,70255082.97126497,858.6230209725114,1.1|1.1
D3,uswc_departure_delay_336h,30,30,1.0,313,23,79934925.57176837,80426688.5335727,80168403.11745365,80665154.66995937,906.7543209703651,907.7149495056296,907.4140211061017,907.9688437985242,0.5309140329063686,0.4071457457046674,0.7260665674369002,0.030904203113702237,12.318728824378923,369.95791729027405,79934925.57176837,906.7543209703651,81382164.36311784,909.8003745371961,1.1|1.1
D3,uswc_port_capacity_675pct,30,30,1.0,888,75,26576332.611434035,27142978.874070935,26992636.212046944,27267530.488929756,630.9836700595109,638.4842947405587,635.513401698518,639.9933054332271,0.7052589060606729,0.6799963287361553,0.7424905068953904,0.018716203959011565,14.376045398414135,432.17498274100944,26576332.611434035,630.9836700595109,28984867.54655534,666.2327002301871,1.1|1.1
