case_id,scenario,seed,elapsed_seconds,population_size,generations,feasible_population,pareto_size,min_cost_usd,min_weighted_mean_delivery_time_h,hypervolume_normalized,spacing_normalized
D1,pilot_baseline,20260906,14.898284832946956,48,99,48,35,24842445.19812098,631.2515582168876,0.6918067077927461,0.013284880446067971
D1,pilot_baseline,20260907,14.094547213055193,48,99,48,29,25515584.528721776,620.8929751749603,0.6681496653083172,0.015703789594426993
D1,pilot_baseline,20260908,15.19972546491772,48,99,48,25,25569653.57766146,629.0580670168874,0.5423603565879856,0.020647798916455663
D1,pilot_baseline,20260909,14.789211962837726,48,99,48,23,25186500.8418719,630.5950551057432,0.605392476857209,0.0178656953062849
D1,pilot_baseline,20260910,14.827503965701908,48,99,48,46,25543194.307037503,620.5607815634917,0.670442986952875,0.014760146627645951
D1,pilot_baseline,20260911,15.086319990921766,48,99,48,41,25452940.511781923,624.39263151076,0.6496964045503757,0.022949972723675993
D1,pilot_baseline,20260912,14.503293100278825,48,99,48,36,25232421.79304781,626.7443542432873,0.7135347852952864,0.02463133266366375
D1,pilot_baseline,20260913,14.638510061893612,48,99,48,15,25677113.651315615,628.5960554010862,0.5078499246600846,0.026101914705090268
D1,pilot_baseline,20260914,14.762819550931454,48,99,48,25,25641665.444374107,620.4554428150458,0.6074555339971779,0.02024150389133097
D1,pilot_baseline,20260915,14.799618671182543,48,99,48,32,25546508.438125897,615.6406286172274,0.6841124041354416,0.013056048976708394
D1,pilot_baseline,20260916,14.9558040429838,48,99,48,30,25224257.32314798,625.1349055846833,0.712745443926939,0.015409359065075876
D1,pilot_baseline,20260917,14.412400041241199,48,99,48,32,25323906.030142374,623.1969666843478,0.6881167464856671,0.016307472926833117
D1,pilot_baseline,20260918,13.943585427012295,48,99,48,42,25439066.657839645,620.2759784168749,0.6863485553813675,0.025443475723399847
D1,pilot_baseline,20260919,14.889413500670344,48,99,48,38,25535165.286814276,620.748467188563,0.6824172306399005,0.01741378481384894
D1,pilot_baseline,20260920,14.44646429317072,48,99,48,34,25320529.721365545,620.4134857169181,0.6969064141937962,0.022088387356515585
D1,pilot_baseline,20260921,14.375766239129007,48,99,48,30,25593553.10810194,621.2529400389718,0.6468132699354632,0.016842363652852826
D1,pilot_baseline,20260922,14.834285298362374,48,99,48,42,25234968.73262493,625.1420091598114,0.6916269987937247,0.018802337919765426
D1,pilot_baseline,20260923,15.469768749549985,48,99,48,40,25183901.81765151,627.507329158215,0.6959644431222066,0.014491680745556661
D1,pilot_baseline,20260924,14.685757489874959,48,99,48,33,25394621.600913357,622.4143702737733,0.6844285483748888,0.014872794830908129
D1,pilot_baseline,20260925,15.001125222072005,48,99,48,35,25475960.521740958,619.9291129020464,0.6955975198008606,0.010939512296924001
D1,pilot_baseline,20260926,15.276655356865376,48,99,48,38,25366926.301028013,617.7039590188061,0.733910766934022,0.01585048465426848
D1,pilot_baseline,20260927,14.936185608617961,48,99,48,30,25328678.692612767,623.8893318601287,0.714035743032417,0.015280490294954362
D1,pilot_baseline,20260928,14.245989885181189,48,99,48,28,25577762.70665097,623.2855024274461,0.6094672952182266,0.009032441689536616
D1,pilot_baseline,20260929,14.594950310885906,48,99,48,33,25191742.798955087,628.873470107427,0.6810868331648335,0.018464443989459338
D1,pilot_baseline,20260930,14.878805808722973,48,99,48,31,25564523.014464915,620.6624744076898,0.6233975115546566,0.03812139190057035
D1,pilot_baseline,20260931,14.924710754770786,48,99,48,30,25217481.649182767,626.4226177767099,0.7091571973892868,0.011395697205112212
D1,pilot_baseline,20260932,14.664502979256213,48,99,48,30,25221481.169953357,624.4256273744387,0.7376166707728861,0.027589239828100444
D1,pilot_baseline,20260933,14.807801214978099,48,99,48,44,25177392.60003796,625.6500334808647,0.7201910249004039,0.014644497571547892
D1,pilot_baseline,20260934,13.67101681092754,48,99,48,40,25345585.86754619,626.3282514198103,0.6598633860992321,0.009344486052570405
D1,pilot_baseline,20260935,15.338639857247472,48,99,48,47,25305074.64729478,621.3079809518541,0.7276701143736397,0.014334739015442303
D1,uswc_compound_30pct_delay_168h,20260906,14.134060078766197,48,99,48,5,60133537.33960749,839.3392095684044,0.9244352004866165,0.012182620156851821
D1,uswc_compound_30pct_delay_168h,20260907,13.938515673857182,48,99,48,8,60761758.42546511,840.3344474895574,0.5015894594302411,0.02667381628584452
D1,uswc_compound_30pct_delay_168h,20260908,14.786900451872498,48,99,48,3,60625317.26960539,842.4230587854378,0.21286802108123265,0.020886471412238653
D1,uswc_compound_30pct_delay_168h,20260909,14.980872894171625,48,99,48,2,59722121.72350065,840.4131522379895,0.8381254059968077,0.0
D1,uswc_compound_30pct_delay_168h,20260910,14.537322671152651,48,99,48,3,59904755.135980755,841.8524736198692,0.43415319725834584,0.03621465859393426
D1,uswc_compound_30pct_delay_168h,20260911,14.711504883598536,48,99,48,5,60430439.40923119,840.9409000334775,0.5075191688701473,0.018500407736188367
D1,uswc_compound_30pct_delay_168h,20260912,14.127092431299388,48,99,48,5,60925876.11678811,840.5896629141979,0.42334315280814244,0.06466570457745283
D1,uswc_compound_30pct_delay_168h,20260913,14.329996335785836,48,99,48,6,60633860.36658027,840.8873567375622,0.43233958598826355,0.08538319766342159
D1,uswc_compound_30pct_delay_168h,20260914,13.76717909425497,48,99,48,9,61012648.02406641,839.996452253932,0.4373387807596879,0.03650134402100768
D1,uswc_compound_30pct_delay_168h,20260915,14.92107455804944,48,99,48,10,61196078.69655129,840.8452232028517,0.26580116092755557,0.058984148021667036
D1,uswc_compound_30pct_delay_168h,20260916,14.062586791347712,48,99,48,7,60490867.28610078,839.6569822162232,0.7167286408304955,0.011406585032990815
D1,uswc_compound_30pct_delay_168h,20260917,15.252642683219165,48,99,48,4,59731275.72507268,841.2169154491461,0.6400417187740657,0.029084791667946797
D1,uswc_compound_30pct_delay_168h,20260918,14.487326689995825,48,99,48,3,59926094.609966345,840.2985066584108,0.7876397307600268,0.012311429328702656
D1,uswc_compound_30pct_delay_168h,20260919,14.475079758092761,48,99,48,3,60152862.18979061,840.9045624382941,0.5970229332006243,0.023582336697337006
D1,uswc_compound_30pct_delay_168h,20260920,14.334645471069962,48,99,48,6,60070932.99072032,840.6936009455283,0.6595174629726606,0.058904202896385593
D1,uswc_compound_30pct_delay_168h,20260921,13.933976105879992,48,99,48,5,60595950.556979075,841.5771316209047,0.3578474764290915,0.02250372939949423
D1,uswc_compound_30pct_delay_168h,20260922,14.188001981936395,48,99,48,3,60108539.77526445,841.5731895546401,0.4598541746832381,0.005581446569706225
D1,uswc_compound_30pct_delay_168h,20260923,14.019227153155953,48,99,48,3,60301965.83704751,840.7367146449675,0.5923708017651569,0.020543673025643996
D1,uswc_compound_30pct_delay_168h,20260924,14.592309585772455,48,99,48,2,60300317.750894345,842.1579849401439,0.30916997639487276,0.0
D1,uswc_compound_30pct_delay_168h,20260925,14.152018706779927,48,99,48,5,60506869.05601984,840.8994877280444,0.4756384909919649,0.06410592577706614
D1,uswc_compound_30pct_delay_168h,20260926,14.882112015038729,48,99,48,3,61415348.579608954,841.7152436245811,0.1858630922880552,0.08587417123391669
D1,uswc_compound_30pct_delay_168h,20260927,14.089017546270043,48,99,48,2,60629675.151348285,840.2364911099332,0.5783956476793157,0.0
D1,uswc_compound_30pct_delay_168h,20260928,14.120189413428307,48,99,48,5,60129526.56800381,839.7887630157154,0.8102529126837273,0.032265561836089245
D1,uswc_compound_30pct_delay_168h,20260929,13.97910445695743,48,99,48,8,60660503.10772523,840.1072360972147,0.5345625692293529,0.036428068451416794
D1,uswc_compound_30pct_delay_168h,20260930,14.111935432069004,48,99,48,7,60405127.33023859,840.175221070324,0.6432771018986916,0.035791214715938824
D1,uswc_compound_30pct_delay_168h,20260931,14.493626494891942,48,99,48,5,61162137.151437774,840.9056146203133,0.3123904116768788,0.013921323801665098
D1,uswc_compound_30pct_delay_168h,20260932,13.350552808027714,48,99,48,3,59604141.85182337,839.107531905242,1.1853225312405284,0.023483785210781618
D1,uswc_compound_30pct_delay_168h,20260933,14.78201231919229,48,99,48,3,60064203.9024329,841.0064171226395,0.5996033098766518,0.02031074004043299
D1,uswc_compound_30pct_delay_168h,20260934,14.369889614637941,48,99,48,7,60398608.131981775,840.193792213487,0.6449030851252452,0.05392696218785275
D1,uswc_compound_30pct_delay_168h,20260935,14.429766918998212,48,99,48,6,60254347.588000156,841.2255873916299,0.49334733113041374,0.04349617925104821
D1,uswc_compound_40pct_delay_168h,20260906,14.524152101948857,48,99,48,6,56156845.39432624,826.6673409924538,0.3374981061060768,0.03799693127852776
D1,uswc_compound_40pct_delay_168h,20260907,14.431040454190224,48,99,48,1,56728037.0844636,822.9712636347549,0.501946959217959,0.0
D1,uswc_compound_40pct_delay_168h,20260908,14.5172009319067,48,99,48,1,55874780.580602586,827.2925331559178,0.3272559164780994,0.0
D1,uswc_compound_40pct_delay_168h,20260909,14.846136000007391,48,99,48,2,55139550.72826414,824.2773382714116,0.9354321486479209,0.0
D1,uswc_compound_40pct_delay_168h,20260910,14.460773087106645,48,99,48,5,56422698.46715608,825.2657820243928,0.4124901000505453,0.030731478825079105
D1,uswc_compound_40pct_delay_168h,20260911,13.522838803939521,48,99,48,11,56249297.396722905,825.0867137378966,0.4633596575404738,0.012044405915909238
D1,uswc_compound_40pct_delay_168h,20260912,14.450576711911708,48,99,48,3,56337374.268849075,826.4487138064559,0.32466538560727837,0.059032602264550094
D1,uswc_compound_40pct_delay_168h,20260913,13.846734074875712,48,99,48,5,56367682.6486254,825.5890315765897,0.3959760857599068,0.02666033295767426
D1,uswc_compound_40pct_delay_168h,20260914,14.779111742973328,48,99,48,11,56336165.63873988,825.2295873374211,0.40579440572725317,0.03743576450627399
D1,uswc_compound_40pct_delay_168h,20260915,14.005059116985649,48,99,48,3,55858775.5974503,824.270510550294,0.6996258685736623,0.08483541620093499
D1,uswc_compound_40pct_delay_168h,20260916,13.99217869900167,48,99,48,9,56483844.73425232,825.5457100229053,0.3606639527358437,0.029450094859339887
D1,uswc_compound_40pct_delay_168h,20260917,14.788868740200996,48,99,48,2,56885359.47489423,826.0677261257914,0.2289856857690622,0.0
D1,uswc_compound_40pct_delay_168h,20260918,14.465287735685706,48,99,48,7,56720706.9543416,823.768489946061,0.40708517398297744,0.04368839811539871
D1,uswc_compound_40pct_delay_168h,20260919,14.294841807801276,48,99,48,2,56437840.72560058,825.8322178826478,0.3672823107259434,0.0
D1,uswc_compound_40pct_delay_168h,20260920,14.117849288973957,48,99,48,11,57167079.72414525,826.8328826470491,0.1300918813169569,0.030640897644386815
D1,uswc_compound_40pct_delay_168h,20260921,13.749330624938011,48,99,48,2,56524198.714303575,825.0006865290233,0.411813909606218,0.0
D1,uswc_compound_40pct_delay_168h,20260922,14.390566201880574,48,99,48,7,55971100.61885549,824.4738319045257,0.5982481234762131,0.055896108890896704
D1,uswc_compound_40pct_delay_168h,20260923,14.809061395004392,48,99,48,10,56236058.778913915,823.5737649095072,0.6097393481869484,0.03215441087634267
D1,uswc_compound_40pct_delay_168h,20260924,14.39142302563414,48,99,48,2,55632333.39707736,823.9408018386209,0.8187281566347159,0.0
D1,uswc_compound_40pct_delay_168h,20260925,14.201559690758586,48,99,48,5,56323589.663338736,825.1385546808137,0.45139254584496785,0.03621983173374775
D1,uswc_compound_40pct_delay_168h,20260926,14.468771785963327,48,99,48,2,55008374.97447692,823.6837241478703,1.086755421772451,0.0
D1,uswc_compound_40pct_delay_168h,20260927,14.03227674914524,48,99,48,8,55996783.863197215,824.9328244028568,0.5708673069907669,0.016323119094206515
D1,uswc_compound_40pct_delay_168h,20260928,14.697572581004351,48,99,48,12,56640723.055451035,826.4363095348427,0.18668173526351278,0.05409300020130264
D1,uswc_compound_40pct_delay_168h,20260929,13.748419436160475,48,99,48,8,56190287.11650265,824.4922204279806,0.5283412167512993,0.06337913736641612
D1,uswc_compound_40pct_delay_168h,20260930,13.975007358938456,48,99,48,4,55989863.13029745,824.3541391059414,0.6440565431001275,0.02625683612176792
D1,uswc_compound_40pct_delay_168h,20260931,14.13643289823085,48,99,48,5,56574499.98989998,824.2433241642948,0.4535083863688823,0.041135573530232616
D1,uswc_compound_40pct_delay_168h,20260932,14.411768356803805,48,99,48,6,55797799.25599103,823.5267331900491,0.8006172814580849,0.02424087831585367
D1,uswc_compound_40pct_delay_168h,20260933,14.078276133630425,48,99,48,5,56028935.09484436,827.6948503493468,0.2555005474967933,0.1304478438245365
D1,uswc_compound_40pct_delay_168h,20260934,14.27144168689847,48,99,48,8,56042851.94120387,824.5204348530831,0.599047528915648,0.015088370910956652
D1,uswc_compound_40pct_delay_168h,20260935,13.709676451981068,48,99,48,2,55757303.497212976,823.298058320943,0.8589080345895509,0.0
D1,uswc_departure_delay_240h,20260906,12.493372571654618,48,99,48,5,64369302.18211224,843.0259627163281,1.1355099528939432,0.04724914660832765
D1,uswc_departure_delay_240h,20260907,12.969299887306988,48,99,48,3,64480783.6763805,842.8827209055135,1.0780671761954301,0.05490865468161383
D1,uswc_departure_delay_240h,20260908,12.483025971800089,48,99,48,4,64673479.73807099,843.7707296677903,0.7215555297902146,0.015621603119773148
D1,uswc_departure_delay_240h,20260909,12.949366966728121,48,99,48,4,64760531.38758607,843.4471024900165,0.7257302770163087,0.02322946251865197
D1,uswc_departure_delay_240h,20260910,12.853049184195697,48,99,48,1,64623898.774018265,843.6512267030057,0.783394101660126,0.0
D1,uswc_departure_delay_240h,20260911,12.838882889132947,48,99,48,4,64791494.457838655,844.2500898157326,0.5496228979517391,0.029614753336090566
D1,uswc_departure_delay_240h,20260912,13.121314330026507,48,99,48,2,65571113.22335595,846.3926258262788,0.022224088280584278,0.0
D1,uswc_departure_delay_240h,20260913,13.3084802669473,48,99,48,7,64599440.63138111,843.1793947121097,0.9042506116904697,0.015169610796447812
D1,uswc_departure_delay_240h,20260914,12.869582214858383,48,99,48,6,64500042.628161505,843.0730913049973,1.0038364543018048,0.02035089034352043
D1,uswc_departure_delay_240h,20260915,12.7629699180834,48,99,48,6,64679661.8622928,843.0661124183146,0.8622862772414797,0.05611328151271429
D1,uswc_departure_delay_240h,20260916,12.65807868912816,48,99,48,4,64776758.2371564,842.9945086205822,0.7951540356940145,0.02440052218283876
D1,uswc_departure_delay_240h,20260917,12.474557458423078,48,99,48,7,64668716.13802662,842.8821084064555,0.9044405780874819,0.025644632385835756
D1,uswc_departure_delay_240h,20260918,12.726878063287586,48,99,48,4,64609285.20251998,842.778123629289,0.9895039744469705,0.02790637793545551
D1,uswc_departure_delay_240h,20260919,12.01736819697544,48,99,48,4,64864712.67738528,843.1365508328887,0.6983675482891858,0.0459677871151142
D1,uswc_departure_delay_240h,20260920,12.558429853990674,48,99,48,4,64439356.37736434,842.7614607232533,1.1432973746985517,0.05316758012289786
D1,uswc_departure_delay_240h,20260921,12.758997266180813,48,99,48,6,64597407.04931402,842.9446229812784,0.9608473331590496,0.018932643252747888
D1,uswc_departure_delay_240h,20260922,12.48059422429651,48,99,48,3,64807597.824252695,842.9979600443961,0.7744887655197337,0.03914154653586677
D1,uswc_departure_delay_240h,20260923,13.51370725594461,48,99,48,3,65113086.44132907,845.823104931359,0.16208814075063932,0.01899281829400401
D1,uswc_departure_delay_240h,20260924,12.319089983124286,48,99,48,1,64738981.95114384,843.7074687595851,0.6907725522021273,0.0
D1,uswc_departure_delay_240h,20260925,12.740085076075047,48,99,48,2,64736960.70298981,843.3494840111692,0.7632950930936135,0.0
D1,uswc_departure_delay_240h,20260926,12.286457052920014,48,99,48,2,64577748.87031463,843.005509435763,0.9659828774028657,0.0
D1,uswc_departure_delay_240h,20260927,12.792756000068039,48,99,48,4,64865110.16559717,843.7409934064895,0.5947979655505558,0.013982420757725975
D1,uswc_departure_delay_240h,20260928,12.593197757843882,48,99,48,3,64555672.0514509,843.5714175301911,0.8429052063615908,0.022140313503577713
D1,uswc_departure_delay_240h,20260929,12.562720366287977,48,99,48,2,64825933.709271185,843.7655661667496,0.6170086185043421,0.0
D1,uswc_departure_delay_240h,20260930,13.135631325189024,48,99,48,3,64827659.05983822,843.236907750055,0.7134088003225604,0.06199298628187692
D1,uswc_departure_delay_240h,20260931,12.967899157200009,48,99,48,1,64919166.51441357,845.2370212849119,0.31370734823497287,0.0
D1,uswc_departure_delay_240h,20260932,12.978760951198637,48,99,48,2,64601992.19343655,843.3775652183195,0.8498361952744474,0.0
D1,uswc_departure_delay_240h,20260933,13.055862264707685,48,99,48,5,64902345.08420356,845.5885210081028,0.24689439525180237,0.05389303428426638
D1,uswc_departure_delay_240h,20260934,12.728270031046122,48,99,48,7,64852542.99131369,842.7652638419595,0.7782577044110867,0.01508585317365955
D1,uswc_departure_delay_240h,20260935,12.865122365299612,48,99,48,7,64832381.24109951,842.7569994072766,0.7958917737711982,0.027569483989024427
D1,uswc_departure_delay_336h,20260906,12.290522943716496,48,99,48,7,83295549.57118106,910.4109054877295,0.6481698758190327,0.034058138978271556
D1,uswc_departure_delay_336h,20260907,12.491260373033583,48,99,48,12,83022006.25761406,911.1087852218927,0.8354687233894008,0.03359554606708348
D1,uswc_departure_delay_336h,20260908,12.29444421781227,48,99,48,5,83181029.71936303,912.1322735731184,0.5530247066692907,0.014264217664643556
D1,uswc_departure_delay_336h,20260909,12.316776402294636,48,99,48,7,83304459.85046944,910.3104369196836,0.6823820975529683,0.03824710769362366
D1,uswc_departure_delay_336h,20260910,12.788045773282647,48,99,48,8,83387349.57701953,911.9346491429045,0.39668791833460826,0.030869087349222016
D1,uswc_departure_delay_336h,20260911,12.560503397136927,48,99,48,2,83197010.49662466,911.5740144842931,0.6244328659546974,0.0
D1,uswc_departure_delay_336h,20260912,12.072361132130027,48,99,48,10,82958317.382359,911.4726296432561,0.8413143992792675,0.02984758549396379
D1,uswc_departure_delay_336h,20260913,11.84141667932272,48,99,48,5,83350480.92543608,910.5900000345371,0.6052689850797554,0.02758864392820619
D1,uswc_departure_delay_336h,20260914,11.653498654719442,48,99,48,8,83163508.04733221,910.3011631212244,0.8094965439061893,0.020956188104830478
D1,uswc_departure_delay_336h,20260915,12.226684704888612,48,99,48,7,83491286.38080359,911.5057929261586,0.363795899684191,0.058382980919117235
D1,uswc_departure_delay_336h,20260916,12.748970590997487,48,99,48,3,83026500.54236668,911.5570540147354,0.776489170464323,0.05544457997212808
D1,uswc_departure_delay_336h,20260917,12.309673060197383,48,99,48,4,83564342.0219895,909.832112505777,0.4414117522099453,0.07127731716547132
D1,uswc_departure_delay_336h,20260918,12.748010512907058,48,99,48,8,83266940.58815458,911.0479493282774,0.6098914866663611,0.018722981786381137
D1,uswc_departure_delay_336h,20260919,12.712715049739927,48,99,48,6,83386434.06313571,910.7221625565492,0.550021315504838,0.03803636730075843
D1,uswc_departure_delay_336h,20260920,12.587627350818366,48,99,48,3,83364783.48995282,910.3862677246772,0.6215407561303388,0.029048114352975846
D1,uswc_departure_delay_336h,20260921,12.623918938916177,48,99,48,6,83455779.99692562,911.318536719282,0.4200943643329623,0.03404219501677218
D1,uswc_departure_delay_336h,20260922,12.280269904993474,48,99,48,5,83200102.50130948,912.4360727400541,0.4955860255415275,0.01749238063515243
D1,uswc_departure_delay_336h,20260923,12.408638888970017,48,99,48,6,83478940.3008502,911.2908620540505,0.3840260927488056,0.038204722271580505
D1,uswc_departure_delay_336h,20260924,12.413224438205361,48,99,48,8,83389364.3785657,911.6441536495416,0.44701413708546134,0.012559228653010549
D1,uswc_departure_delay_336h,20260925,12.628963003866374,48,99,48,10,83589160.19491231,912.1815930143573,0.2147938971823724,0.03869786081493744
D1,uswc_departure_delay_336h,20260926,12.06779752438888,48,99,48,5,83283653.5281622,910.7670383407307,0.6577081824074151,0.02350686087372937
D1,uswc_departure_delay_336h,20260927,12.492970694322139,48,99,48,7,83099989.44158944,911.1798779177831,0.762576821265452,0.021226066127833794
D1,uswc_departure_delay_336h,20260928,12.063302735798061,48,99,48,10,83078125.10336667,911.8019360220574,0.6810787548656194,0.036656533998792346
D1,uswc_departure_delay_336h,20260929,12.264896741136909,48,99,48,6,82929769.21975762,910.9349078814425,0.9686229911948163,0.023013736909216955
D1,uswc_departure_delay_336h,20260930,12.904253684915602,48,99,48,6,83161389.26766984,912.8311081115074,0.45340778708168694,0.05041296458474161
D1,uswc_departure_delay_336h,20260931,12.182567406911403,48,99,48,5,83656936.81296422,911.9847141867552,0.20971414838181549,0.017259309727237136
D1,uswc_departure_delay_336h,20260932,12.188025699928403,48,99,48,12,83018385.46844141,910.5148607075043,0.9463632755706357,0.041214311386048634
D1,uswc_departure_delay_336h,20260933,12.352974025998265,48,99,48,13,82986149.90803082,910.8317098953431,0.9233842964935876,0.029013868759124053
D1,uswc_departure_delay_336h,20260934,11.561401098966599,48,99,48,8,83529788.55313966,910.0829632289823,0.4563497056738505,0.00526609442197276
D1,uswc_departure_delay_336h,20260935,12.76467701792717,48,99,48,5,83359222.24142453,912.0470571001251,0.42858579254630935,0.004389936031858583
D1,uswc_port_capacity_675pct,20260906,14.85755853774026,48,99,48,35,24842445.19812098,631.2515582168876,0.744559017346548,0.013157751543414028
D1,uswc_port_capacity_675pct,20260907,14.327999662142247,48,99,48,29,25515584.528721776,620.8929751749603,0.7474885161952926,0.015264850974968667
D1,uswc_port_capacity_675pct,20260908,15.29808066226542,48,99,48,25,25569653.57766146,629.0580670168874,0.6061986818401706,0.0199465202546466
D1,uswc_port_capacity_675pct,20260909,14.820509038865566,48,99,48,23,25186500.8418719,630.5950551057432,0.662905436802388,0.017406621156793863
D1,uswc_port_capacity_675pct,20260910,14.88098708121106,48,99,48,46,25543194.307037503,620.5607815634917,0.7505764782064657,0.013889398755333186
D1,uswc_port_capacity_675pct,20260911,15.045052274130285,48,99,48,41,25452940.511781923,624.39263151076,0.7212320149479624,0.021246955246647086
D1,uswc_port_capacity_675pct,20260912,14.577506834175438,48,99,48,36,25232421.79304781,626.7443542432873,0.7773528100445392,0.02454582759417267
D1,uswc_port_capacity_675pct,20260913,14.693419871851802,48,99,48,15,25677113.651315615,628.5960554010862,0.573956986855841,0.02626600748778738
D1,uswc_port_capacity_675pct,20260914,14.920528432354331,48,99,48,25,25641665.444374107,620.4554428150458,0.6897232641669644,0.020172777522333544
D1,uswc_port_capacity_675pct,20260915,14.922096069902182,48,99,48,25,25828342.0658483,618.5330721521065,0.649759147268965,0.023651038014453958
D1,uswc_port_capacity_675pct,20260916,15.033668815158308,48,99,48,30,25224257.32314798,625.1349055846833,0.780270052088755,0.015019572480548249
D1,uswc_port_capacity_675pct,20260917,14.43951450008899,48,99,48,32,25323906.030142374,623.1969666843478,0.7610414287938112,0.0166527576835505
D1,uswc_port_capacity_675pct,20260918,13.99997486686334,48,99,48,42,25439066.657839645,620.2759784168749,0.7664141496709496,0.024209952501707713
D1,uswc_port_capacity_675pct,20260919,14.906850305851549,48,99,48,38,25535165.286814276,620.748467188563,0.7617916275092915,0.017810661468107992
D1,uswc_port_capacity_675pct,20260920,14.46772420592606,48,99,48,34,25320529.721365545,620.4134857169181,0.7760196065694953,0.02156452581719267
D1,uswc_port_capacity_675pct,20260921,14.344611344859004,48,99,48,30,25593553.10810194,621.2529400389718,0.7261016555709676,0.016301378990875703
D1,uswc_port_capacity_675pct,20260922,14.880504881031811,48,99,48,42,25234968.73262493,625.1420091598114,0.75969976493735,0.01836911791471074
D1,uswc_port_capacity_675pct,20260923,15.51461981702596,48,99,48,40,25183901.81765151,627.507329158215,0.7583132333279091,0.014543244122711843
D1,uswc_port_capacity_675pct,20260924,14.654680685605854,48,99,48,33,25394621.600913357,622.4143702737733,0.7594716064126555,0.014813641953934715
D1,uswc_port_capacity_675pct,20260925,15.000013692304492,48,99,48,35,25475960.521740958,619.9291129020464,0.7763456154442079,0.0105211907265098
D1,uswc_port_capacity_675pct,20260926,15.208024186547846,48,99,48,37,25366926.301028013,618.5277925788452,0.8138116241110613,0.0173541791639309
D1,uswc_port_capacity_675pct,20260927,14.905126655939966,48,99,48,30,25328678.692612767,623.8893318601287,0.7847265002980385,0.014797773331523779
D1,uswc_port_capacity_675pct,20260928,14.24207614408806,48,99,48,28,25577762.70665097,623.2855024274461,0.6849575843533571,0.009028326106169925
D1,uswc_port_capacity_675pct,20260929,14.601186516694725,48,99,48,33,25191742.798955087,628.873470107427,0.7406832484140593,0.01877615660706208
D1,uswc_port_capacity_675pct,20260930,14.872381384018809,48,99,48,31,25564523.014464915,620.6624744076898,0.7045461765021133,0.03589737906747425
D1,uswc_port_capacity_675pct,20260931,14.929884194862098,48,99,48,30,25217481.649182767,626.4226177767099,0.7737808079678207,0.011519597401831385
D1,uswc_port_capacity_675pct,20260932,14.628751444164664,48,99,48,30,25221481.169953357,624.4256273744387,0.8061430538605197,0.026174337601493534
D1,uswc_port_capacity_675pct,20260933,14.681145228911191,48,99,48,44,25177392.60003796,625.6500334808647,0.7861940638187045,0.014556790684640565
D1,uswc_port_capacity_675pct,20260934,13.656221201177686,48,99,48,40,25345585.86754619,626.3282514198103,0.7263439526658194,0.009301629996795322
D1,uswc_port_capacity_675pct,20260935,15.29465210903436,48,99,48,47,25305074.64729478,621.3079809518541,0.8038982340280142,0.014005553345646717
D2,pilot_baseline,20260906,14.037292705848813,48,99,48,30,25278806.236593403,621.6229447704113,0.7658095406161282,0.010944870392466438
D2,pilot_baseline,20260907,14.234400297980756,48,99,48,24,25123601.95313961,623.3949797234089,0.7790984903311111,0.018952893324358948
D2,pilot_baseline,20260908,14.02360055129975,48,99,48,29,25276617.754388966,626.1416425016846,0.6773343395189207,0.014420432244457982
D2,pilot_baseline,20260909,14.730519596021622,48,99,48,26,25222033.63080329,623.0041655196293,0.746747662609876,0.03218845441682756
D2,pilot_baseline,20260910,14.60832583392039,48,99,48,24,25220434.03676876,621.8956441583435,0.7013106067807925,0.025068663732823012
D2,pilot_baseline,20260911,14.451225822791457,48,99,48,24,25494817.407277174,619.7038403487876,0.7264237123073116,0.014824145451284122
D2,pilot_baseline,20260912,13.737520315218717,48,99,48,30,25360262.129742343,619.875972887289,0.7678980692304416,0.02777554415026475
D2,pilot_baseline,20260913,14.371930791065097,48,99,48,20,25391934.626830075,617.0197076589014,0.8351679875294392,0.03325752100510318
D2,pilot_baseline,20260914,14.345124890096486,48,99,48,26,25332476.476330154,622.6667719625208,0.6894782643889622,0.03160809352545589
D2,pilot_baseline,20260915,14.718861352652311,48,99,48,24,25163166.756595816,625.7478888226259,0.6758090490480027,0.020357688163733845
D2,pilot_baseline,20260916,14.016132324002683,48,99,48,19,25266711.35950584,625.3024627056179,0.7246869150783406,0.017340129769742127
D2,pilot_baseline,20260917,14.594512429088354,48,99,48,26,25373371.706048667,620.5485701489476,0.7552714226985898,0.018322693871811176
D2,pilot_baseline,20260918,14.495850399136543,48,99,48,27,25146315.907751385,624.7709068181726,0.7321398595094118,0.018377603583783545
D2,pilot_baseline,20260919,14.38797765597701,48,99,48,44,25193293.341905214,619.0224339165679,0.8796264179529586,0.014205383882147248
D2,pilot_baseline,20260920,14.890579608734697,48,99,48,29,25153932.23040417,623.6831714819521,0.7389463801536376,0.018921336662626187
D2,pilot_baseline,20260921,14.159178683068603,48,99,48,23,25635637.652448915,615.5094569568153,0.7386974361811056,0.01508717120696937
D2,pilot_baseline,20260922,13.674400452990085,48,99,48,29,25162484.532220487,622.9533985700633,0.802246055637739,0.02209429840426433
D2,pilot_baseline,20260923,14.13167546223849,48,99,48,27,25046006.42259322,625.7831359173924,0.7475790743702713,0.027210842629339888
D2,pilot_baseline,20260924,14.555749257095158,48,99,48,15,25428893.801923327,623.9093610468125,0.6591836768997392,0.02422097455935582
D2,pilot_baseline,20260925,14.33932829881087,48,99,48,25,25206519.600066766,620.6866913464276,0.8071352123994894,0.02798567850527534
D2,pilot_baseline,20260926,13.739515898283571,48,99,48,27,25308508.040359497,622.5642416460266,0.726778246605703,0.03817701282415363
D2,pilot_baseline,20260927,14.118094955105335,48,99,48,25,25315951.693776637,620.9217478133452,0.7964759882341637,0.020901329736101946
D2,pilot_baseline,20260928,14.29385219188407,48,99,48,10,25531649.809478123,623.1456253035512,0.6426706585146233,0.024806041562340737
D2,pilot_baseline,20260929,14.684057081118226,48,99,48,24,25042488.426821988,626.0001895462509,0.7517743948605696,0.01403366961075909
D2,pilot_baseline,20260930,13.451167729217559,48,99,48,39,25332159.27667016,618.1382253883559,0.8510716195517153,0.007320675951703656
D2,pilot_baseline,20260931,13.45467512914911,48,99,48,17,25724809.667285755,614.2157580011346,0.6800772451492144,0.03685360806195132
D2,pilot_baseline,20260932,14.698413269594312,48,99,48,17,25559731.174305983,615.724201528769,0.7644126893381895,0.016895996913683736
D2,pilot_baseline,20260933,14.599753929302096,48,99,48,26,25101518.18841451,622.7601558250858,0.7956128776108652,0.03451880525412058
D2,pilot_baseline,20260934,13.741076173260808,48,99,48,25,25451694.82196437,623.237525470693,0.6443240323762727,0.026357128340719696
D2,pilot_baseline,20260935,14.947369114030153,48,99,48,16,25147443.083006445,628.8273123882916,0.6638896586251257,0.03190088991814701
D2,uswc_compound_30pct_delay_168h,20260906,14.195361288730055,48,99,48,5,61668176.27777426,845.6474086631391,0.4129728066710483,0.01345908799993666
D2,uswc_compound_30pct_delay_168h,20260907,13.16117492923513,48,99,48,4,62057689.599045195,843.7509339252089,0.5432971465643516,0.012951772344644697
D2,uswc_compound_30pct_delay_168h,20260908,13.745916998945177,48,99,48,3,61500532.69948724,842.6915986123871,0.9253678797351108,0.006501395794368548
D2,uswc_compound_30pct_delay_168h,20260909,13.910888975020498,48,99,48,4,62395876.490232855,844.3146026131604,0.36671487126485103,0.028254746618087752
D2,uswc_compound_30pct_delay_168h,20260910,14.001438231673092,48,99,48,3,61540378.84802409,842.79890305666,0.8865207677002003,0.0023372898223293884
D2,uswc_compound_30pct_delay_168h,20260911,13.631814195308834,48,99,48,2,61958137.31134964,843.8700268675865,0.5686957876468958,0.0
D2,uswc_compound_30pct_delay_168h,20260912,13.578643845859915,48,99,48,9,61517834.906276904,843.6986128681334,0.7347574799920272,0.03419417821836648
D2,uswc_compound_30pct_delay_168h,20260913,13.853908062912524,48,99,48,2,61978376.86453915,842.9416955410098,0.6741090318902465,0.0
D2,uswc_compound_30pct_delay_168h,20260914,13.7799576302059,48,99,48,7,62511790.531135954,845.9683262023867,0.14676716842183737,0.06710169318486475
D2,uswc_compound_30pct_delay_168h,20260915,14.114894079044461,48,99,48,3,62290940.69414447,845.3204661492479,0.29739512453327277,0.05017216149139702
D2,uswc_compound_30pct_delay_168h,20260916,12.633690315298736,48,99,48,5,61957376.91902352,842.8947804271335,0.6491215404827664,0.02032357072393503
D2,uswc_compound_30pct_delay_168h,20260917,13.516492248978466,48,99,48,7,61760482.63109808,843.720768633064,0.6457478020775504,0.03424990469664294
D2,uswc_compound_30pct_delay_168h,20260918,13.797198560088873,48,99,48,1,60899943.658607885,844.5784947917086,0.8174402200393935,0.0
D2,uswc_compound_30pct_delay_168h,20260919,13.84571698307991,48,99,48,4,62274092.54432928,842.8859327958797,0.49285472340565983,0.07120162255993906
D2,uswc_compound_30pct_delay_168h,20260920,14.02524096192792,48,99,48,2,61935254.568414316,843.8193051306174,0.5795245944120039,0.0
D2,uswc_compound_30pct_delay_168h,20260921,14.178682328667492,48,99,48,1,61731740.85403908,843.9467342900695,0.6436599977503901,0.0
D2,uswc_compound_30pct_delay_168h,20260922,13.725470846053213,48,99,48,3,61531384.67608343,843.2435668290407,0.8233787403412774,0.04389033421287137
D2,uswc_compound_30pct_delay_168h,20260923,13.819562184624374,48,99,48,3,62071305.77048552,844.3709853726774,0.4681167231561904,0.03357844483469986
D2,uswc_compound_30pct_delay_168h,20260924,13.979186726734042,48,99,48,1,62074048.39801338,844.6841665869324,0.43500355883045094,0.0
D2,uswc_compound_30pct_delay_168h,20260925,13.289295161142945,48,99,48,7,61687711.00812995,843.5862294451993,0.7039500161504734,0.021731357284887693
D2,uswc_compound_30pct_delay_168h,20260926,13.77205072902143,48,99,48,2,61990552.011503,843.9735362968064,0.5434490771020822,0.0
D2,uswc_compound_30pct_delay_168h,20260927,13.676119768992066,48,99,48,2,61953298.49161153,843.2168776616328,0.637934945510548,0.0
D2,uswc_compound_30pct_delay_168h,20260928,14.410980952903628,48,99,48,3,61559462.19310963,843.7236724884087,0.7214919007098339,0.07971405422555876
D2,uswc_compound_30pct_delay_168h,20260929,13.501218131743371,48,99,48,3,62406725.05506041,846.8101443829325,0.14529688792338166,0.0006878002743317002
D2,uswc_compound_30pct_delay_168h,20260930,13.860840134788305,48,99,48,1,61838200.39646291,842.9027126538083,0.7423967129930443,0.0
D2,uswc_compound_30pct_delay_168h,20260931,13.570360723882914,48,99,48,2,61910937.55467067,844.3875496459871,0.5223649755149318,0.0
D2,uswc_compound_30pct_delay_168h,20260932,13.501059883274138,48,99,48,3,61863330.212863915,843.6438214839208,0.6345947000599549,0.009903226648396928
D2,uswc_compound_30pct_delay_168h,20260933,13.00150016695261,48,99,48,3,61374261.19994121,842.6801379806152,0.9865470934911402,0.006031361267219543
D2,uswc_compound_30pct_delay_168h,20260934,14.442212502937764,48,99,48,3,62187291.4268675,845.5836877210498,0.2971750925137836,0.029830684000417936
D2,uswc_compound_30pct_delay_168h,20260935,13.748106903862208,48,99,48,6,62635690.86349913,844.5107118016451,0.23963074393787004,0.025110826335754077
D2,uswc_compound_40pct_delay_168h,20260906,14.175498952157795,48,99,48,8,57060925.5957392,825.9964767825765,0.3164677725611654,0.028190758938749994
D2,uswc_compound_40pct_delay_168h,20260907,13.539984229952097,48,99,48,1,56388213.467315726,824.948723577903,0.6149299832531624,0.0
D2,uswc_compound_40pct_delay_168h,20260908,13.930670963600278,48,99,48,3,57804124.39812319,827.7231354505758,0.06948107251577824,0.028134170606725843
D2,uswc_compound_40pct_delay_168h,20260909,13.573129802010953,48,99,48,9,57489253.50323506,825.3882641701667,0.245439659629813,0.043215349156275173
D2,uswc_compound_40pct_delay_168h,20260910,13.863154958933592,48,99,48,3,56612119.87249609,825.9209770589118,0.42732376752607276,0.016601526205305667
D2,uswc_compound_40pct_delay_168h,20260911,14.184382615145296,48,99,48,2,57105156.773712605,827.799975350046,0.13996560625967752,0.0
D2,uswc_compound_40pct_delay_168h,20260912,13.427747464273125,48,99,48,2,56686305.38352604,825.2906783476284,0.4745280622723602,0.0
D2,uswc_compound_40pct_delay_168h,20260913,13.36013882001862,48,99,48,5,56561621.12208447,825.6324059042095,0.47338716600589176,0.017026446895338557
D2,uswc_compound_40pct_delay_168h,20260914,12.946059297770262,48,99,48,3,56773703.90211957,823.8031031152036,0.6399629490327502,0.036530269309353804
D2,uswc_compound_40pct_delay_168h,20260915,13.292707554996014,48,99,48,2,56593276.51796322,825.208586483472,0.524887932837794,0.0
D2,uswc_compound_40pct_delay_168h,20260916,13.208089084830135,48,99,48,2,57231771.880965665,824.3594960378401,0.43495412165809566,0.0
D2,uswc_compound_40pct_delay_168h,20260917,13.517445025965571,48,99,48,4,56868870.29181242,826.1521762386006,0.3321693413292821,0.05850744248439551
D2,uswc_compound_40pct_delay_168h,20260918,14.563513753935695,48,99,48,8,56977175.4976668,826.0976422044148,0.31125875420903965,0.032476256467115605
D2,uswc_compound_40pct_delay_168h,20260919,13.863065680023283,48,99,48,3,55515460.14484352,824.2015471581527,1.0010902968502937,0.10097962723082894
D2,uswc_compound_40pct_delay_168h,20260920,13.757075817789882,48,99,48,3,58234019.689867966,826.2615595055449,0.07274735586871128,0.027690897243870752
D2,uswc_compound_40pct_delay_168h,20260921,13.742018547374755,48,99,48,2,56404525.38429507,824.2213708271397,0.7123633385566682,0.0
D2,uswc_compound_40pct_delay_168h,20260922,13.600233583245426,48,99,48,1,55838975.14921448,823.1522450227264,1.0846921409162016,0.0
D2,uswc_compound_40pct_delay_168h,20260923,13.738180113956332,48,99,48,2,56334017.655367725,826.0177891351193,0.46502648328075824,0.0
D2,uswc_compound_40pct_delay_168h,20260924,13.913734622299671,48,99,48,1,57805387.547281094,825.8723134082996,0.17886169413120487,0.0
D2,uswc_compound_40pct_delay_168h,20260925,14.286328677088022,48,99,48,5,56906259.52095526,827.1337732335636,0.22304637726766707,0.03372795704792106
D2,uswc_compound_40pct_delay_168h,20260926,12.979503239970654,48,99,48,3,56830586.78037462,823.8782148844598,0.5918896275455876,0.2235029527122303
D2,uswc_compound_40pct_delay_168h,20260927,13.540970013011247,48,99,48,4,57051396.97178041,826.1190680165544,0.30018926301824067,0.027401214487316652
D2,uswc_compound_40pct_delay_168h,20260928,13.206628104206175,48,99,48,3,56086257.49801007,824.5671858977075,0.734286815501072,0.12296708380714916
D2,uswc_compound_40pct_delay_168h,20260929,13.216329174116254,48,99,48,3,56815772.658385895,827.3121640127279,0.2189548457290806,0.013146335070288366
D2,uswc_compound_40pct_delay_168h,20260930,14.10788076883182,48,99,48,3,57214851.399096645,824.5765035087888,0.40573704683944356,0.07612403710453511
D2,uswc_compound_40pct_delay_168h,20260931,13.808520312421024,48,99,48,3,57050920.325551994,824.802239131426,0.4261684082083024,0.014146849044936929
D2,uswc_compound_40pct_delay_168h,20260932,13.656280532944947,48,99,48,1,56209925.33669867,825.1000055877254,0.6402727640757488,0.0
D2,uswc_compound_40pct_delay_168h,20260933,13.684006988070905,48,99,48,4,56589812.34247904,825.3676195248289,0.4911932338620483,0.023442707699396964
D2,uswc_compound_40pct_delay_168h,20260934,13.684946935623884,48,99,48,4,56977623.84485144,825.8458430340629,0.330319116323707,0.06753561955097787
D2,uswc_compound_40pct_delay_168h,20260935,13.61587824812159,48,99,48,5,57302112.05815127,827.8815693916953,0.10746111664828151,0.03007562740030713
D2,uswc_departure_delay_240h,20260906,12.278338370844722,48,99,48,2,64628107.82740712,845.7493334497848,0.539200212497858,0.0
D2,uswc_departure_delay_240h,20260907,12.408066202886403,48,99,48,3,64434152.52766573,846.9877380332201,0.340671130500095,0.010185875536457998
D2,uswc_departure_delay_240h,20260908,12.44987631496042,48,99,48,3,64016204.777095556,845.5879919326582,1.0476105625997192,0.009544090439213386
D2,uswc_departure_delay_240h,20260909,12.613995875697583,48,99,48,2,64770066.86756826,847.3360148934236,0.15684301109355042,0.0
D2,uswc_departure_delay_240h,20260910,12.060069026891142,48,99,48,2,64406007.74961909,846.1665533182833,0.5833574624535021,0.0
D2,uswc_departure_delay_240h,20260911,12.654707602690905,48,99,48,1,64723892.18149266,846.0335389315509,0.4166020141493419,0.0
D2,uswc_departure_delay_240h,20260912,12.072478486225009,48,99,48,1,63944530.11360134,846.1987736679902,0.8491006904014438,0.0
D2,uswc_departure_delay_240h,20260913,12.2084386870265,48,99,48,3,63913087.22099316,846.5433072529993,0.7168550222783572,0.024072948403427188
D2,uswc_departure_delay_240h,20260914,12.1461327415891,48,99,48,5,65148853.9031784,847.6346537749505,0.036575285637247525,0.01723733546871098
D2,uswc_departure_delay_240h,20260915,12.001249857712537,48,99,48,4,64303769.02443621,846.2272636040751,0.6177943568495102,0.004727382779843973
D2,uswc_departure_delay_240h,20260916,11.61550460709259,48,99,48,3,64503518.17498291,847.2812127621618,0.24011629580178534,0.01811357573480379
D2,uswc_departure_delay_240h,20260917,12.105176162905991,48,99,48,2,64320222.978323504,846.4205581995025,0.557240241949117,0.0
D2,uswc_departure_delay_240h,20260918,12.857202836778015,48,99,48,2,64134187.54526941,845.5125965654852,0.9836238512041331,0.0
D2,uswc_departure_delay_240h,20260919,12.165333390701562,48,99,48,4,64078724.47671242,845.9812250202747,0.8372873430114096,0.152255299672401
D2,uswc_departure_delay_240h,20260920,12.165868756826967,48,99,48,3,64250894.0166817,846.1831246094744,0.666722125470595,0.08086021988795633
D2,uswc_departure_delay_240h,20260921,12.076992812100798,48,99,48,2,64528707.51730628,846.798517475665,0.35361606979961496,0.0
D2,uswc_departure_delay_240h,20260922,12.457308249082416,48,99,48,1,64157733.834669955,847.1200762963816,0.39635423367147715,0.0
D2,uswc_departure_delay_240h,20260923,12.653870028909296,48,99,48,3,64462161.336899035,845.8429304441705,0.6318289178580448,0.019260188595616068
D2,uswc_departure_delay_240h,20260924,12.91905171982944,48,99,48,2,64325499.01156076,845.917733924485,0.7070409691455048,0.0
D2,uswc_departure_delay_240h,20260925,12.656580680981278,48,99,48,4,64905671.560410075,847.5831792379109,0.0847384921955686,0.027514151635569584
D2,uswc_departure_delay_240h,20260926,12.405314374249429,48,99,48,5,64479224.521562085,846.0066494765347,0.5786229873955343,0.10279703373680527
D2,uswc_departure_delay_240h,20260927,11.996644011233002,48,99,48,3,64737232.3376045,847.2604432864333,0.17787393033030538,0.025504479557731
D2,uswc_departure_delay_240h,20260928,12.73782926890999,48,99,48,2,64555688.98678317,847.0935038714058,0.270771737014653,0.0
D2,uswc_departure_delay_240h,20260929,12.404833385255188,48,99,48,4,64607971.31485045,846.6315447838767,0.34256061759774487,0.08051663048828697
D2,uswc_departure_delay_240h,20260930,11.839371176902205,48,99,48,2,64501202.54435891,845.9188252895477,0.5888377458215239,0.0
D2,uswc_departure_delay_240h,20260931,11.983236596919596,48,99,48,3,64621084.59062078,846.1782073450754,0.45068297339846186,0.030359633339505965
D2,uswc_departure_delay_240h,20260932,12.221793088130653,48,99,48,4,64268059.95126177,846.0405793956864,0.7073133083902919,0.004191479806848292
D2,uswc_departure_delay_240h,20260933,11.73915002355352,48,99,48,4,64294102.13756685,846.6389133415635,0.5018800936764126,0.014170484437133294
D2,uswc_departure_delay_240h,20260934,12.581304476596415,48,99,48,3,64295004.56059357,846.6429434589546,0.4922040482273065,0.16008915376474184
D2,uswc_departure_delay_240h,20260935,12.01819973718375,48,99,48,4,63849495.517318726,845.786937838015,1.087498771548792,0.013415836458276018
D2,uswc_departure_delay_336h,20260906,11.655528403352946,48,99,48,1,85544478.83603108,912.4471309622555,0.6281690241202421,0.0
D2,uswc_departure_delay_336h,20260907,11.790235138032585,48,99,48,3,85496154.20378241,912.9411278794923,0.5948524840404606,0.004777217162799267
D2,uswc_departure_delay_336h,20260908,12.995901576243341,48,99,48,1,85644624.4860051,915.6021002679789,0.05701962146162077,0.0
D2,uswc_departure_delay_336h,20260909,11.48668246390298,48,99,48,1,85532187.07833882,912.2795386908276,0.6744700381156403,0.0
D2,uswc_departure_delay_336h,20260910,12.17018318362534,48,99,48,3,85544386.82594386,912.6508413303524,0.5864084439529906,0.06968686971615025
D2,uswc_departure_delay_336h,20260911,12.541558855678886,48,99,48,1,85888360.47197731,914.4138023018414,0.08086504832439052,0.0
D2,uswc_departure_delay_336h,20260912,11.814699814189225,48,99,48,5,85521133.87868279,912.2966931677952,0.6834139398408102,0.011409996626724513
D2,uswc_departure_delay_336h,20260913,11.762222210876644,48,99,48,5,85549113.44121024,912.713948666251,0.565507991026092,0.02509828669552192
D2,uswc_departure_delay_336h,20260914,11.917825196869671,48,99,48,1,85408925.38115557,912.3137149573201,0.8347691126164314,0.0
D2,uswc_departure_delay_336h,20260915,11.791099816095084,48,99,48,2,85525354.6776248,912.5097075829069,0.6406765913893148,0.0
D2,uswc_departure_delay_336h,20260916,11.696346172131598,48,99,48,2,85500551.99544851,912.6598016536886,0.6417364985986578,0.0
D2,uswc_departure_delay_336h,20260917,10.863918388262391,48,99,48,2,85357945.16571961,911.5207534844031,1.097455455595913,0.0
D2,uswc_departure_delay_336h,20260918,12.323524658102542,48,99,48,4,85595882.87349306,913.0493160353219,0.4600612860685282,0.024483789444630068
D2,uswc_departure_delay_336h,20260919,11.700549727771431,48,99,48,2,85610890.49651751,912.6889492876201,0.5049451990725065,0.0
D2,uswc_departure_delay_336h,20260920,11.713042818941176,48,99,48,2,85393388.9023698,911.8100611008905,0.9708578697243172,0.0
D2,uswc_departure_delay_336h,20260921,11.419825146906078,48,99,48,6,85470844.48250347,913.3194469946001,0.5406976263415958,0.04922804936156703
D2,uswc_departure_delay_336h,20260922,11.882403636816889,48,99,48,3,85289339.79874822,911.7811773220607,1.1360974617249227,0.027902475832160538
D2,uswc_departure_delay_336h,20260923,12.108735629823059,48,99,48,1,85683058.78930056,912.4781576263717,0.4438586568173452,0.0
D2,uswc_departure_delay_336h,20260924,12.677437082864344,48,99,48,6,85504346.63883185,912.5042311508927,0.6682143365626225,0.010540762386763724
D2,uswc_departure_delay_336h,20260925,11.611779369879514,48,99,48,1,85410943.22598523,912.3914952668744,0.8145363565894937,0.0
D2,uswc_departure_delay_336h,20260926,12.168093854095787,48,99,48,1,85661755.49887162,912.5390398723616,0.4632263582568709,0.0
D2,uswc_departure_delay_336h,20260927,11.430963926017284,48,99,48,2,85671631.18718448,912.3994568251252,0.46753786790934426,0.0
D2,uswc_departure_delay_336h,20260928,11.588086063973606,48,99,48,1,85479060.50906074,912.8667970114791,0.6293171294898334,0.0
D2,uswc_departure_delay_336h,20260929,11.941181702073663,48,99,48,2,85530773.4500532,912.6879171506622,0.6023490164606677,0.0
D2,uswc_departure_delay_336h,20260930,12.012772141955793,48,99,48,1,85721118.61084443,913.3884556043506,0.2930075907752779,0.0
D2,uswc_departure_delay_336h,20260931,11.404466555453837,48,99,48,1,85586359.51519874,912.9043876240671,0.5000297312908487,0.0
D2,uswc_departure_delay_336h,20260932,12.059211175888777,48,99,48,5,85708904.16702524,914.7315661101934,0.14362863801059367,0.10467145727355198
D2,uswc_departure_delay_336h,20260933,11.915685141924769,48,99,48,7,85533824.24033429,912.8340005641277,0.5655729855762185,0.014157494218471909
D2,uswc_departure_delay_336h,20260934,12.388991214800626,48,99,48,5,85575630.34283583,912.5982514233773,0.561690141034712,0.00411581728347477
D2,uswc_departure_delay_336h,20260935,11.809280139859766,48,99,48,5,85767967.25422087,914.0627335619959,0.17859959024955857,0.014120700460606853
D2,uswc_port_capacity_675pct,20260906,14.040880056098104,48,99,48,35,25233247.981261317,623.0040452844349,0.7950029297551577,0.02496610811538261
D2,uswc_port_capacity_675pct,20260907,14.343165037687868,48,99,48,20,25265508.061778773,624.6566889011267,0.7782471848093248,0.018237559273496802
D2,uswc_port_capacity_675pct,20260908,14.054473784286529,48,99,48,29,25276617.754388966,626.1416425016846,0.7231611245609261,0.01402692979993447
D2,uswc_port_capacity_675pct,20260909,14.826468830928206,48,99,48,29,25130970.827881232,623.7891127241738,0.7956402388741683,0.031392034602646335
D2,uswc_port_capacity_675pct,20260910,14.622991485055536,48,99,48,24,25220434.03676876,621.8956441583435,0.7599301938269112,0.02465730449657573
D2,uswc_port_capacity_675pct,20260911,14.453058461192995,48,99,48,36,25398172.517141588,623.3851674318506,0.6912354441793634,0.019714798257102577
D2,uswc_port_capacity_675pct,20260912,13.838685438036919,48,99,48,26,25384375.666067496,621.943490791555,0.7628907087623003,0.019369666408590752
D2,uswc_port_capacity_675pct,20260913,14.385227884165943,48,99,48,22,25447448.93656607,622.9661155471281,0.7323765086373419,0.02507997343361576
D2,uswc_port_capacity_675pct,20260914,14.314536469988525,48,99,48,23,25336550.080596857,623.9329932917108,0.720621668619432,0.02906249707123955
D2,uswc_port_capacity_675pct,20260915,14.75524780806154,48,99,48,24,25163166.756595816,625.7478888226259,0.7227200055912946,0.020443714956853636
D2,uswc_port_capacity_675pct,20260916,14.092967598233372,48,99,48,29,25204421.952515636,624.7990074902957,0.7930345400174409,0.027588832693263288
D2,uswc_port_capacity_675pct,20260917,14.526346480939537,48,99,48,34,25306844.78043836,621.6448284189723,0.7706431272516936,0.04516670252499067
D2,uswc_port_capacity_675pct,20260918,14.638160544913262,48,99,48,27,25146315.907751385,624.7709068181726,0.7791767184387802,0.01772531892419173
D2,uswc_port_capacity_675pct,20260919,14.246121725998819,48,99,48,44,25250273.116230186,622.3338521485541,0.8437520916967943,0.01104055175862888
D2,uswc_port_capacity_675pct,20260920,15.026997957844287,48,99,48,26,25145487.888878495,624.6577005132749,0.7682861092599935,0.018259608291514445
D2,uswc_port_capacity_675pct,20260921,14.131614857818931,48,99,48,24,25606394.267228667,621.7866031206553,0.6883803453618565,0.010248729074252708
D2,uswc_port_capacity_675pct,20260922,13.667541269678622,48,99,48,33,25209131.231792897,623.8056488789341,0.8188816537012357,0.01944349515901616
D2,uswc_port_capacity_675pct,20260923,14.059969908092171,48,99,48,27,25046006.42259322,625.7831359173924,0.7900729711717207,0.025286087303685218
D2,uswc_port_capacity_675pct,20260924,14.629088950809091,48,99,48,13,25457262.828865867,626.3664962296533,0.6640395235014004,0.015043932395539592
D2,uswc_port_capacity_675pct,20260925,14.230981446802616,48,99,48,27,25228922.853479095,622.7609389491638,0.8090873102238317,0.03143210870379102
D2,uswc_port_capacity_675pct,20260926,13.888627507723868,48,99,48,23,25308508.040359497,624.1389969419574,0.7487531180631941,0.01978448265779958
D2,uswc_port_capacity_675pct,20260927,13.968364728149027,48,99,48,32,25225352.439431343,623.7053541732198,0.8011261757873485,0.04290053313958023
D2,uswc_port_capacity_675pct,20260928,14.390941398218274,48,99,48,18,25530023.58579281,621.8878045388076,0.6867185796168522,0.04750381902780245
D2,uswc_port_capacity_675pct,20260929,14.54290138790384,48,99,48,24,25042488.426821988,626.0001895462509,0.7932966749029019,0.01432060811361835
D2,uswc_port_capacity_675pct,20260930,13.386745625175536,48,99,48,40,25326393.705575418,622.9345469149899,0.8010318529023289,0.009967920956190618
D2,uswc_port_capacity_675pct,20260931,13.27062306413427,48,99,48,33,25706922.905339465,615.8909096415874,0.6988217312696496,0.01738021250028576
D2,uswc_port_capacity_675pct,20260932,14.752630935050547,48,99,48,36,25529259.736325473,620.5415936507908,0.7303086855047021,0.014144746786812276
D2,uswc_port_capacity_675pct,20260933,14.415930915158242,48,99,48,26,25046033.537727177,624.3072625603769,0.8139776296468194,0.027114020597872202
D2,uswc_port_capacity_675pct,20260934,13.797701376955956,48,99,48,21,25536976.081740018,624.3775393332835,0.6542029181869898,0.02423312511291429
D2,uswc_port_capacity_675pct,20260935,14.81620946712792,48,99,48,16,25147443.083006445,628.8273123882916,0.7010591954214622,0.029963621640004157
D3,pilot_baseline,20260906,14.048564487602562,48,99,48,40,27071530.936532266,634.0004427842618,0.7190654304172489,0.014677737994095807
D3,pilot_baseline,20260907,14.01287383818999,48,99,48,27,27047603.17876105,631.9443474162598,0.7323463116619273,0.029458592095900543
D3,pilot_baseline,20260908,14.261218442115933,48,99,48,42,27095631.001549467,637.5351500430855,0.6547044015065094,0.015431870047978202
D3,pilot_baseline,20260909,14.557956286240369,48,99,48,20,26984195.84286157,643.5792495822841,0.5754993399562587,0.017373237667552454
D3,pilot_baseline,20260910,13.719541987869889,48,99,48,18,27186616.550436966,635.0571202004917,0.6430898196840488,0.040525645228828185
D3,pilot_baseline,20260911,14.585589841939509,48,99,48,29,27127061.029575955,638.3399976412487,0.6566764457334773,0.010864881054848752
D3,pilot_baseline,20260912,14.358280804939568,48,99,48,24,27269462.53575689,642.7831543312383,0.4897862709394186,0.01452166130351964
D3,pilot_baseline,20260913,14.731179868336767,48,99,48,27,26961270.68955315,638.1356532160847,0.6908197253667889,0.01319197454915003
D3,pilot_baseline,20260914,14.134462065063417,48,99,48,23,27355175.80655106,628.0642444823245,0.6773545487108428,0.02740477951509293
D3,pilot_baseline,20260915,14.00400022836402,48,99,48,44,26794856.09352255,636.4909180163291,0.7441969298291531,0.01592763728978531
D3,pilot_baseline,20260916,14.33583108894527,48,99,48,31,27114303.80562875,630.2959309602178,0.7327290176020944,0.02367784684183605
D3,pilot_baseline,20260917,14.39605966815725,48,99,48,25,27213328.946984466,633.7753177454358,0.6541801057248235,0.02428569547847486
D3,pilot_baseline,20260918,14.344641717150807,48,99,48,15,27695739.8416294,628.8034578149013,0.5660684608520784,0.03383128239314104
D3,pilot_baseline,20260919,15.00192569475621,48,99,48,23,27136344.927365422,633.321713783038,0.6839795111370742,0.03427137485574048
D3,pilot_baseline,20260920,14.215402319096029,48,99,48,24,27429030.678373825,634.7403762179389,0.5705699684380953,0.028043870703253083
D3,pilot_baseline,20260921,13.734557101968676,48,99,48,24,27021356.142961245,640.7407144702529,0.6238448812333311,0.01661622654070391
D3,pilot_baseline,20260922,14.860627424903214,48,99,48,19,27189745.143815156,637.8442313748645,0.638989565935034,0.023011988795746723
D3,pilot_baseline,20260923,14.52187059307471,48,99,48,29,26634379.89320064,648.8499398195116,0.5518597732469611,0.02044256990970449
D3,pilot_baseline,20260924,14.66355015290901,48,99,48,31,27050415.586142417,636.8848213956603,0.6648261182657449,0.011878328290139455
D3,pilot_baseline,20260925,14.535495531279594,48,99,48,41,27320521.921464473,634.1390482925609,0.6017772460459863,0.014468991181725585
D3,pilot_baseline,20260926,13.996968079824,48,99,48,32,27061954.528446827,631.9916426238939,0.7373988329434901,0.023902833368005645
D3,pilot_baseline,20260927,14.591784103773534,48,99,48,20,27178589.796320513,640.0529789154351,0.5962522452944234,0.014375424443372893
D3,pilot_baseline,20260928,15.032840505708009,48,99,48,25,26995839.544919126,635.1711875928459,0.6881641427582091,0.03079676380727779
D3,pilot_baseline,20260929,14.149638788308948,48,99,48,24,27184984.250662763,631.591347568281,0.7119232832101771,0.024707159622060725
D3,pilot_baseline,20260930,14.590814483817667,48,99,48,20,27276305.111748274,634.7407329723009,0.6508701268602513,0.028745350026374697
D3,pilot_baseline,20260931,14.208687875885516,48,99,48,22,27489414.99771961,630.7282836436683,0.6295020093663953,0.019435961466071804
D3,pilot_baseline,20260932,14.035097467247397,48,99,48,27,26576332.611434035,641.0467080603667,0.7212334623378857,0.0339761812098715
D3,pilot_baseline,20260933,13.82172728329897,48,99,48,44,26693962.84489113,640.1419493872464,0.6425706685960944,0.020452932937431383
D3,pilot_baseline,20260934,14.145182589069009,48,99,48,33,27133347.22319797,634.8669137683743,0.6443607949900115,0.056233517382634574
D3,pilot_baseline,20260935,14.220626757014543,48,99,48,23,27164241.705480825,638.4707361704421,0.6308129586498499,0.0276375682326032
D3,uswc_compound_30pct_delay_168h,20260906,12.551692679990083,48,99,48,1,63644120.37217173,844.9378067907764,0.38386418955415386,0.0
D3,uswc_compound_30pct_delay_168h,20260907,12.317821769975126,48,99,48,4,63047442.324245214,845.211490141247,0.5187255274281698,0.04627817565060115
D3,uswc_compound_30pct_delay_168h,20260908,12.922344586346298,48,99,48,2,62898358.569642164,846.2987577128719,0.37716037146092746,0.0
D3,uswc_compound_30pct_delay_168h,20260909,12.896354920230806,48,99,48,3,62920941.8839947,846.40548100419,0.3373591163536214,0.01607125338553788
D3,uswc_compound_30pct_delay_168h,20260910,13.039375634863973,48,99,48,4,62601149.3026526,843.6059153193879,0.9683790993942131,0.01468278545452907
D3,uswc_compound_30pct_delay_168h,20260911,13.319728381931782,48,99,48,4,62039621.191734664,845.152751476967,0.8244128777734973,0.013130396835053487
D3,uswc_compound_30pct_delay_168h,20260912,13.043351260013878,48,99,48,2,63417699.796617456,846.9395674263832,0.1968555149457495,0.0
D3,uswc_compound_30pct_delay_168h,20260913,13.171221118886024,48,99,48,3,62444962.668862276,844.4650972373851,0.847928847340176,0.01898120465180598
D3,uswc_compound_30pct_delay_168h,20260914,13.047777365893126,48,99,48,4,64225049.57723299,845.7435843568203,0.13828119589052212,0.08228314588444549
D3,uswc_compound_30pct_delay_168h,20260915,13.073001652956009,48,99,48,4,62972369.827005334,846.6454054674949,0.2861846376903143,0.06117166742412582
D3,uswc_compound_30pct_delay_168h,20260916,12.917306966613978,48,99,48,2,62376362.52040799,844.4692409968665,0.8772407976016879,0.0
D3,uswc_compound_30pct_delay_168h,20260917,12.801940714009106,48,99,48,1,63242152.90358141,845.0435792435384,0.4926994238659899,0.0
D3,uswc_compound_30pct_delay_168h,20260918,13.216833279002458,48,99,48,2,63106785.4576668,845.2017595630134,0.4921866394072619,0.0
D3,uswc_compound_30pct_delay_168h,20260919,12.59985584905371,48,99,48,1,62667719.87974238,844.2122590610034,0.8257160411456873,0.0
D3,uswc_compound_30pct_delay_168h,20260920,12.703997685108334,48,99,48,4,62176267.720324755,844.7143939524635,0.8535677075381891,0.1848171537152931
D3,uswc_compound_30pct_delay_168h,20260921,12.872881174087524,48,99,48,1,62854517.49882796,844.3495548305752,0.7318884650692316,0.0
D3,uswc_compound_30pct_delay_168h,20260922,12.702427268959582,48,99,48,2,62061968.885885864,844.7858798208827,0.9068270393891509,0.0
D3,uswc_compound_30pct_delay_168h,20260923,12.818311417009681,48,99,48,1,63100292.05283361,845.2746731740082,0.49910781949421357,0.0
D3,uswc_compound_30pct_delay_168h,20260924,12.79773793881759,48,99,48,2,62516437.725383066,846.6988565427014,0.3658462841825011,0.0
D3,uswc_compound_30pct_delay_168h,20260925,12.977461418136954,48,99,48,1,63216252.88189158,847.324904827194,0.16761919683445323,0.0
D3,uswc_compound_30pct_delay_168h,20260926,13.730475559365004,48,99,48,4,63072784.595593,845.4256754515343,0.478184970531414,0.017381867855006106
D3,uswc_compound_30pct_delay_168h,20260927,12.870056699030101,48,99,48,3,63236714.86272248,844.3747622336173,0.5904840105803102,0.03910670836540763
D3,uswc_compound_30pct_delay_168h,20260928,13.67568449722603,48,99,48,2,62676216.31912579,845.6950674474584,0.5352826660804648,0.0
D3,uswc_compound_30pct_delay_168h,20260929,14.198441434185952,48,99,48,3,63489362.33313404,846.812549876103,0.19623610980368134,0.05847335228139
D3,uswc_compound_30pct_delay_168h,20260930,12.748741989955306,48,99,48,5,63475771.37306166,845.7903673134736,0.3227311996174353,0.11573620461957725
D3,uswc_compound_30pct_delay_168h,20260931,12.819067022763193,48,99,48,2,62770236.77400751,844.9462008787315,0.6459816454078539,0.0
D3,uswc_compound_30pct_delay_168h,20260932,13.165958693251014,48,99,48,4,63330616.098807015,845.1138633415649,0.4530534608387353,0.00011240230202064216
D3,uswc_compound_30pct_delay_168h,20260933,12.526528410147876,48,99,48,1,62361524.783435546,844.6344266837806,0.8465000342152759,0.0
D3,uswc_compound_30pct_delay_168h,20260934,12.788818723987788,48,99,48,4,62601342.33212577,844.7389374070883,0.7320810654918153,0.05762507113582631
D3,uswc_compound_30pct_delay_168h,20260935,13.174480916000903,48,99,48,2,63145138.891629286,845.173389804057,0.5014116819987015,0.0
D3,uswc_compound_40pct_delay_168h,20260906,12.835046131163836,48,99,48,1,59303252.33533,828.6651044546575,0.4651920146191431,0.0
D3,uswc_compound_40pct_delay_168h,20260907,12.523759162984788,48,99,48,4,59112219.43657531,827.4533886088303,0.6577312483523776,0.1183226844163491
D3,uswc_compound_40pct_delay_168h,20260908,13.730187851004303,48,99,48,1,59248583.04253774,829.890149744766,0.3450675912954988,0.0
D3,uswc_compound_40pct_delay_168h,20260909,13.287641088012606,48,99,48,3,59591701.40755677,829.3442779943724,0.29804167942272386,0.12310492709288469
D3,uswc_compound_40pct_delay_168h,20260910,12.399352667853236,48,99,48,2,58212261.82030078,827.4303757592282,0.9987620897903716,0.0
D3,uswc_compound_40pct_delay_168h,20260911,13.540532938204706,48,99,48,3,59086343.58243368,830.5714859094986,0.2890702536919162,0.03474586183338773
D3,uswc_compound_40pct_delay_168h,20260912,13.48887451691553,48,99,48,4,59094953.867121875,829.6281244697503,0.39776207659047813,0.05101505371512534
D3,uswc_compound_40pct_delay_168h,20260913,13.018148179166019,48,99,48,1,58237874.53498819,827.989442260824,0.9035898064869604,0.0
D3,uswc_compound_40pct_delay_168h,20260914,13.010042230132967,48,99,48,6,59483044.597584784,828.3555134626,0.4288820132111884,0.033748035152428114
D3,uswc_compound_40pct_delay_168h,20260915,12.968330509029329,48,99,48,2,59151851.68709438,830.224131683162,0.32557571339950087,0.0
D3,uswc_compound_40pct_delay_168h,20260916,12.811145771294832,48,99,48,4,59109563.829216175,830.0671645344358,0.3488192956710858,0.03122280278275531
D3,uswc_compound_40pct_delay_168h,20260917,12.517213304992765,48,99,48,3,59433630.42769104,827.1603730223916,0.5625952488549842,0.09318263801074095
D3,uswc_compound_40pct_delay_168h,20260918,12.799331744667143,48,99,48,1,58993931.969637506,829.8716395536657,0.4016437792660322,0.0
D3,uswc_compound_40pct_delay_168h,20260919,13.144183602649719,48,99,48,3,59774758.10609553,830.3004769755308,0.20043417873660765,0.028945366766516527
D3,uswc_compound_40pct_delay_168h,20260920,13.002449003979564,48,99,48,1,59021466.70721768,830.9278362455252,0.2617206373509146,0.0
D3,uswc_compound_40pct_delay_168h,20260921,12.652645692694932,48,99,48,1,58734735.64369052,827.8806654323693,0.7489696443357411,0.0
D3,uswc_compound_40pct_delay_168h,20260922,12.827944634016603,48,99,48,2,58840000.96236081,829.5596869929354,0.47584791716671937,0.0
D3,uswc_compound_40pct_delay_168h,20260923,13.71749011380598,48,99,48,2,58657760.927555524,830.2825777314953,0.409354893270636,0.0
D3,uswc_compound_40pct_delay_168h,20260924,12.347954225260764,48,99,48,4,59158937.02887726,830.1309326206858,0.31678333626737254,0.030443233294269012
D3,uswc_compound_40pct_delay_168h,20260925,12.863686653785408,48,99,48,2,58077654.25760909,826.6778711085142,1.2093370025808943,0.0
D3,uswc_compound_40pct_delay_168h,20260926,12.969105368014425,48,99,48,3,59284536.91074473,829.8592004264377,0.3334920391343557,0.002676963121348661
D3,uswc_compound_40pct_delay_168h,20260927,12.593540181405842,48,99,48,4,59018537.684384674,827.0181533250149,0.7572158983943527,0.015363706446456127
D3,uswc_compound_40pct_delay_168h,20260928,12.912605860736221,48,99,48,5,58438162.83129589,828.7184449919415,0.7085499966221562,0.032734117044149434
D3,uswc_compound_40pct_delay_168h,20260929,12.443193331360817,48,99,48,3,58756087.38878816,829.1984968967089,0.5458140416851166,0.05175682729328755
D3,uswc_compound_40pct_delay_168h,20260930,12.562929066829383,48,99,48,3,59069242.716306,828.63574613036,0.5367298008102347,0.003054356276993938
D3,uswc_compound_40pct_delay_168h,20260931,13.253123458940536,48,99,48,2,60478988.647341914,829.1061080785778,0.09130846594868436,0.0
D3,uswc_compound_40pct_delay_168h,20260932,13.147541485726833,48,99,48,3,59399970.17589544,828.8931366032577,0.4102739988347865,0.025208314002315726
D3,uswc_compound_40pct_delay_168h,20260933,13.033423278015107,48,99,48,2,59140787.58386325,831.1928729530772,0.2125735378077804,0.0
D3,uswc_compound_40pct_delay_168h,20260934,12.832921033259481,48,99,48,1,58710868.15739477,827.7066380145332,0.7831352574270013,0.0
D3,uswc_compound_40pct_delay_168h,20260935,12.5397117738612,48,99,48,3,58621209.70372692,827.9451743945923,0.7725141395148479,0.018688267577484107
D3,uswc_departure_delay_240h,20260906,11.77308129798621,48,99,48,2,69661510.52293095,857.3142011037827,0.6444652890905314,0.0
D3,uswc_departure_delay_240h,20260907,11.995938857086003,48,99,48,3,69453253.6704228,857.4331263500449,0.7320411886819481,0.022636991416643867
D3,uswc_departure_delay_240h,20260908,12.096079402137548,48,99,48,4,69869571.8970412,857.2816614460539,0.4569819309553631,0.03911983485603997
D3,uswc_departure_delay_240h,20260909,11.981964747887105,48,99,48,2,69915912.28529699,857.6767460774437,0.30632416385231176,0.0
D3,uswc_departure_delay_240h,20260910,12.381060122977942,48,99,48,2,69397927.7433726,857.3678432121045,0.844763719661477,0.0
D3,uswc_departure_delay_240h,20260911,11.919803048018366,48,99,48,3,69608541.08613937,857.1340964380777,0.7784238560286016,0.027170689852224553
D3,uswc_departure_delay_240h,20260912,11.958362303674221,48,99,48,8,69662938.39408495,857.4667519606322,0.5633616525137606,0.029743008891626396
D3,uswc_departure_delay_240h,20260913,11.819730398245156,48,99,48,1,69548645.10971068,856.9880451871251,0.9168835929471876,0.0
D3,uswc_departure_delay_240h,20260914,12.030806176830083,48,99,48,1,69827765.53202243,857.5333142763205,0.41643034836957377,0.0
D3,uswc_departure_delay_240h,20260915,12.202391552738845,48,99,48,3,70083580.47056176,857.4774700475922,0.18861799151500536,0.2611910213613794
D3,uswc_departure_delay_240h,20260916,11.643913408275694,48,99,48,6,69923601.34849976,857.4276367817034,0.3576131463486683,0.036359566217717645
D3,uswc_departure_delay_240h,20260917,11.834885078947991,48,99,48,4,70131005.26158589,857.6710762727866,0.14020067343964795,0.00091330994194877
D3,uswc_departure_delay_240h,20260918,12.512777119874954,48,99,48,2,69838349.73561716,858.211893064046,0.1748252703011235,0.0
D3,uswc_departure_delay_240h,20260919,11.817031079903245,48,99,48,5,69526528.63350789,856.937508539805,0.958406926851799,0.0333517138441237
D3,uswc_departure_delay_240h,20260920,11.787458674050868,48,99,48,5,69859243.68896006,856.9811771727759,0.5345700076214701,0.05029288514337051
D3,uswc_departure_delay_240h,20260921,11.650612701196223,48,99,48,5,69600874.97619231,857.4384183900019,0.6355758323241304,0.05651493147027803
D3,uswc_departure_delay_240h,20260922,12.101751667447388,48,99,48,4,69321736.3166114,857.1069352632139,1.0727352640622108,0.05917922983545353
D3,uswc_departure_delay_240h,20260923,11.787116562016308,48,99,48,6,69981709.28326027,857.0290963167453,0.3995357126423506,0.015786502668524945
D3,uswc_departure_delay_240h,20260924,12.314813802018762,48,99,48,2,69814676.83778684,857.806496476366,0.3257610308718422,0.0
D3,uswc_departure_delay_240h,20260925,12.059211472049356,48,99,48,8,69910136.39246035,857.5958488802909,0.2923001423396414,0.04743557199640532
D3,uswc_departure_delay_240h,20260926,12.389433630276471,48,99,48,5,69793473.56647484,857.4500693745719,0.47097737374601134,0.020447376866526975
D3,uswc_departure_delay_240h,20260927,12.393200072925538,48,99,48,3,69916618.21217881,857.4336388432575,0.3705567653575314,0.05009446341423161
D3,uswc_departure_delay_240h,20260928,12.302651345729828,48,99,48,1,69658744.49032132,857.3094844383861,0.6497440430689301,0.0
D3,uswc_departure_delay_240h,20260929,11.514165254309773,48,99,48,2,69519308.473355,857.4475986015443,0.6988852443549227,0.0
D3,uswc_departure_delay_240h,20260930,11.961503038182855,48,99,48,2,69584088.84155025,857.4466289322382,0.6515703309232301,0.0
D3,uswc_departure_delay_240h,20260931,12.336105109192431,48,99,48,2,70084187.75264601,857.9075348729191,0.10296722797040798,0.0
D3,uswc_departure_delay_240h,20260932,11.68349479418248,48,99,48,1,69739635.9898684,857.33976529788,0.5618177771640265,0.0
D3,uswc_departure_delay_240h,20260933,11.97029014211148,48,99,48,5,69679237.59667377,857.5236227924061,0.5249926580259461,0.0720803128128417
D3,uswc_departure_delay_240h,20260934,11.956988791003823,48,99,48,8,69544924.83639763,857.1677947915576,0.8004617596316607,0.015406671133421264
D3,uswc_departure_delay_240h,20260935,11.741412986069918,48,99,48,7,69331518.58542,857.1885285277995,1.0274345045000377,0.007908985882836214
D3,uswc_departure_delay_336h,20260906,12.206785489805043,48,99,48,14,80577455.06559873,907.4119109393331,0.5044280450988815,0.042932315997868065
D3,uswc_departure_delay_336h,20260907,12.378870866261423,48,99,48,9,80324813.28741656,907.5569171791647,0.6569652790396046,0.03610199971709984
D3,uswc_departure_delay_336h,20260908,12.16862615197897,48,99,48,9,80061384.1100798,908.3697661908745,0.5445816893783701,0.04555972610867772
D3,uswc_departure_delay_336h,20260909,12.093092834111303,48,99,48,7,80769923.21992595,908.5399684573473,0.21466425953501278,0.07634528690329992
D3,uswc_departure_delay_336h,20260910,12.427270384971052,48,99,48,8,80910952.97652176,907.8791854712418,0.2602587362769216,0.022999762681123824
D3,uswc_departure_delay_336h,20260911,12.222057708073407,48,99,48,3,80070773.80157955,907.707827042202,0.7818538939034257,0.06382124884325231
D3,uswc_departure_delay_336h,20260912,12.379791286308318,48,99,48,7,80190042.87139072,907.7220719690573,0.7077234462352053,0.06959013876493313
D3,uswc_departure_delay_336h,20260913,12.651878129690886,48,99,48,10,80332958.63353847,907.550093333913,0.6695688036856471,0.03581723874193626
D3,uswc_departure_delay_336h,20260914,12.040888424962759,48,99,48,4,80775858.3827144,907.9678410519011,0.3582888219250184,0.03140593938669806
D3,uswc_departure_delay_336h,20260915,12.714571078773588,48,99,48,10,80484755.82944196,907.8480829412607,0.517246376434367,0.016532512880458542
D3,uswc_departure_delay_336h,20260916,12.312602024991065,48,99,48,13,79934925.57176837,907.5840909075558,0.8475040350222862,0.04092868781609418
D3,uswc_departure_delay_336h,20260917,12.075914211571217,48,99,48,17,80287475.43663791,907.4473512680898,0.701206102772593,0.026429028235573446
D3,uswc_departure_delay_336h,20260918,12.685840357095003,48,99,48,11,80462625.1585394,908.1379016401039,0.44060263936542654,0.028279086140873433
D3,uswc_departure_delay_336h,20260919,12.675855689216405,48,99,48,15,80137785.3178984,907.4029796765428,0.8097885369003365,0.021272158940697852
D3,uswc_departure_delay_336h,20260920,12.27945693070069,48,99,48,11,80166966.54256146,907.1426740908527,0.8924523173121773,0.01843849872208776
D3,uswc_departure_delay_336h,20260921,12.664191808085889,48,99,48,11,80759824.56341553,908.223627880158,0.2932501730653353,0.02129530976427541
D3,uswc_departure_delay_336h,20260922,11.766779300756752,48,99,48,11,80566479.24325071,907.0137457679245,0.6245769970911466,0.03255086318179419
D3,uswc_departure_delay_336h,20260923,11.862837255001068,48,99,48,5,80746913.72414678,907.9124575944043,0.354653601687957,0.0286476898697148
D3,uswc_departure_delay_336h,20260924,12.522179468069226,48,99,48,10,80138067.41971286,908.0082660373059,0.6129498140707268,0.030364986072858532
D3,uswc_departure_delay_336h,20260925,12.506273371633142,48,99,48,9,80579410.7392249,908.0798820797489,0.41427532663797995,0.03040246684070641
D3,uswc_departure_delay_336h,20260926,12.279054108075798,48,99,48,12,80172712.84213026,906.7543209703651,0.9679227009338737,0.03557435385259749
D3,uswc_departure_delay_336h,20260927,12.177281183190644,48,99,48,11,80065159.18497898,907.4203516064077,0.8557149189398178,0.0283069846247838
D3,uswc_departure_delay_336h,20260928,12.32485562376678,48,99,48,19,80390751.908606,907.1751136132859,0.7321809411707986,0.05449844060310509
D3,uswc_departure_delay_336h,20260929,11.992990122642368,48,99,48,25,80955080.80619158,906.8907546666503,0.37386361582947547,0.01951030645095456
D3,uswc_departure_delay_336h,20260930,12.674665203783661,48,99,48,6,80388008.9598551,908.429776323781,0.380104947519689,0.03403908007669936
D3,uswc_departure_delay_336h,20260931,12.558826638385653,48,99,48,13,80040967.84216295,906.974013376563,1.0242418774666242,0.02690917012167306
D3,uswc_departure_delay_336h,20260932,12.05808198498562,48,99,48,6,80468073.4122978,907.9691780473985,0.4979619513217766,0.027046275946652473
D3,uswc_departure_delay_336h,20260933,12.735815269872546,48,99,48,11,80528864.46011014,907.7807612985616,0.5149542697193251,0.005976422419054507
D3,uswc_departure_delay_336h,20260934,12.691716289147735,48,99,48,9,80693735.98020418,907.7235673032244,0.40476921872689653,0.04172900535152201
D3,uswc_departure_delay_336h,20260935,11.828868094366044,48,99,48,7,80730608.33513862,907.4637129096443,0.4480160158207495,0.09168873394580196
D3,uswc_port_capacity_675pct,20260906,14.111024611163884,48,99,48,35,26955652.779690105,639.0794917837821,0.7449076414842654,0.01467449923176735
D3,uswc_port_capacity_675pct,20260907,14.127846668940037,48,99,48,34,27282521.92726057,630.9836700595109,0.743087991482419,0.022091566736177303
D3,uswc_port_capacity_675pct,20260908,14.222603004891425,48,99,48,35,27261734.348448347,636.8697054156836,0.7065287828264978,0.01628100670483549
D3,uswc_port_capacity_675pct,20260909,14.539395166095346,48,99,48,20,26984195.84286157,643.5792495822841,0.6395179385199768,0.01763959842446238
D3,uswc_port_capacity_675pct,20260910,14.058372532017529,48,99,48,38,27085635.00225836,638.8266450999656,0.6855209929709013,0.02379087218061979
D3,uswc_port_capacity_675pct,20260911,15.031860609073192,48,99,48,30,27082350.47384999,639.5521267187703,0.719086302915624,0.009645249029294265
D3,uswc_port_capacity_675pct,20260912,14.671083183959126,48,99,48,24,27269462.53575689,642.7831543312383,0.5616408955624852,0.014490268172482125
D3,uswc_port_capacity_675pct,20260913,14.960688679013401,48,99,48,16,27150229.80160825,638.6510430077641,0.7287482793953698,0.017325962054319948
D3,uswc_port_capacity_675pct,20260914,14.359221030957997,48,99,48,33,27335367.45744958,633.5761949313845,0.6888637486339535,0.015465603235090289
D3,uswc_port_capacity_675pct,20260915,14.12029810808599,48,99,48,35,26781611.830924004,639.1458087855447,0.77710813032453,0.028355735081872575
D3,uswc_port_capacity_675pct,20260916,14.392869765870273,48,99,48,29,27176477.519447207,636.6327205466337,0.7085503649377047,0.03886354014980208
D3,uswc_port_capacity_675pct,20260917,14.423105591908097,48,99,48,27,27233314.602539048,635.3637707148981,0.703989029294848,0.032292806403226494
D3,uswc_port_capacity_675pct,20260918,14.492334544193,48,99,48,36,27441570.05182944,636.1329309094249,0.6295773677309775,0.014512624664595259
D3,uswc_port_capacity_675pct,20260919,15.007403690833598,48,99,48,28,27094189.146063495,634.4043067168055,0.7730650249490683,0.022115112649284185
D3,uswc_port_capacity_675pct,20260920,14.251364073250443,48,99,48,23,27457275.015785962,636.4906342298561,0.6403798553937687,0.014535267409347375
D3,uswc_port_capacity_675pct,20260921,13.837566231843084,48,99,48,22,27066995.902024876,640.4777409118041,0.6840529332145375,0.029127849928883346
D3,uswc_port_capacity_675pct,20260922,14.854857732076198,48,99,48,32,27134346.826108243,638.6105525499098,0.7109775857335536,0.01586613950409855
D3,uswc_port_capacity_675pct,20260923,14.55938185704872,48,99,48,29,26634379.89320064,648.8499398195116,0.5962459261114694,0.021868959137734675
D3,uswc_port_capacity_675pct,20260924,14.677203349303454,48,99,48,37,26960978.881836563,637.8863349865344,0.7420696349311836,0.01661771320342737
D3,uswc_port_capacity_675pct,20260925,14.502920517232269,48,99,48,25,27317134.84643637,635.962294649378,0.6828898942997151,0.028757488269477494
D3,uswc_port_capacity_675pct,20260926,14.014577865134925,48,99,48,32,26874092.543427713,638.3580369312076,0.786932707081619,0.024149561497238545
D3,uswc_port_capacity_675pct,20260927,14.647599640768021,48,99,48,16,27178589.796320513,640.0529789154351,0.6730198224924634,0.01491786512259373
D3,uswc_port_capacity_675pct,20260928,15.077424315735698,48,99,48,21,27017957.319603063,640.4588890938742,0.6984158035868895,0.038694653419465506
D3,uswc_port_capacity_675pct,20260929,14.134833933785558,48,99,48,40,27221764.91016271,634.6009499987783,0.7426307975501261,0.02843931655084856
D3,uswc_port_capacity_675pct,20260930,14.60749628674239,48,99,48,27,27135727.94653362,633.7980909499499,0.766474732032926,0.04096535952324013
D3,uswc_port_capacity_675pct,20260931,14.246682869270444,48,99,48,26,27576943.159525897,633.6880318462529,0.6529356848139609,0.018261727874076997
D3,uswc_port_capacity_675pct,20260932,13.991741297766566,48,99,48,27,26576332.611434035,641.0467080603667,0.7865771493838328,0.034449726330504075
D3,uswc_port_capacity_675pct,20260933,13.893844748381525,48,99,48,44,26693962.84489113,640.1419493872464,0.7152546027873156,0.019170680043946137
D3,uswc_port_capacity_675pct,20260934,14.114942692685872,48,99,48,43,27393844.612804584,635.1917538467508,0.6790318068816354,0.014167247427234242
D3,uswc_port_capacity_675pct,20260935,14.24443814298138,48,99,48,24,27164990.68262436,639.8142849866028,0.6888890171632102,0.015039082194964564
