case_id,scenario,seed,metric,unit,baseline_value,scenario_value,paired_difference,paired_difference_pct
D1,uswc_compound_35pct_delay_168h,20260906,total_cost_usd,USD,24842445.19812098,58862954.49770868,34020509.2995877,136.94509146853596
D1,uswc_compound_35pct_delay_168h,20260907,total_cost_usd,USD,25515584.528721776,57107493.146890424,31591908.61816865,123.8141677005558
D1,uswc_compound_35pct_delay_168h,20260908,total_cost_usd,USD,25569653.57766146,57653750.844348654,32084097.266687196,125.47724656980486
D1,uswc_compound_35pct_delay_168h,20260909,total_cost_usd,USD,25186500.8418719,58105082.48183204,32918581.639960144,130.69930534071594
D1,uswc_compound_35pct_delay_168h,20260910,total_cost_usd,USD,25543194.307037503,58278235.06619073,32735040.759153225,128.15562676174088
D1,uswc_compound_35pct_delay_168h,20260911,total_cost_usd,USD,25452940.511781923,58057368.895861454,32604428.38407953,128.0969024737525
D1,uswc_compound_35pct_delay_168h,20260912,total_cost_usd,USD,25232421.79304781,57946925.495711975,32714503.702664163,129.6526507482443
D1,uswc_compound_35pct_delay_168h,20260913,total_cost_usd,USD,25677113.651315615,57867639.863819204,32190526.21250359,125.36660720374329
D1,uswc_compound_35pct_delay_168h,20260914,total_cost_usd,USD,25641665.444374107,57704329.5453037,32062664.100929596,125.0412699225209
D1,uswc_compound_35pct_delay_168h,20260915,total_cost_usd,USD,25546508.438125897,59009608.98342834,33463100.54530244,130.98893974630886
D1,uswc_compound_35pct_delay_168h,20260916,total_cost_usd,USD,25224257.32314798,58141455.23026474,32917197.90711676,130.49818468553707
D1,uswc_compound_35pct_delay_168h,20260917,total_cost_usd,USD,25323906.030142374,57872976.09726713,32549070.067124754,128.53100160924012
D1,uswc_compound_35pct_delay_168h,20260918,total_cost_usd,USD,25439066.657839645,58062859.1885407,32623792.530701052,128.24288315879414
D1,uswc_compound_35pct_delay_168h,20260919,total_cost_usd,USD,25535165.286814276,58198976.80752197,32663811.520707693,127.91697705428393
D1,uswc_compound_35pct_delay_168h,20260920,total_cost_usd,USD,25320529.721365545,58983884.04639558,33663354.32503003,132.94885492314478
D1,uswc_compound_35pct_delay_168h,20260921,total_cost_usd,USD,25593553.10810194,56733001.576559626,31139448.468457684,121.6691107206999
D1,uswc_compound_35pct_delay_168h,20260922,total_cost_usd,USD,25234968.73262493,57547555.16110508,32312586.428480152,128.0468653274175
D1,uswc_compound_35pct_delay_168h,20260923,total_cost_usd,USD,25183901.81765151,57911672.12511245,32727770.30746094,129.95512190458868
D1,uswc_compound_35pct_delay_168h,20260924,total_cost_usd,USD,25394621.600913357,57394563.68867459,31999942.087761234,126.01070648207771
D1,uswc_compound_35pct_delay_168h,20260925,total_cost_usd,USD,25475960.521740958,57353141.05445739,31877180.53271643,125.12651095338576
D1,uswc_compound_35pct_delay_168h,20260926,total_cost_usd,USD,25366926.301028013,57766699.779323615,32399773.478295602,127.72447514456088
D1,uswc_compound_35pct_delay_168h,20260927,total_cost_usd,USD,25328678.692612767,57121065.175158106,31792386.48254534,125.51932482691149
D1,uswc_compound_35pct_delay_168h,20260928,total_cost_usd,USD,25577762.70665097,57751000.18936729,32173237.48271632,125.785972181024
D1,uswc_compound_35pct_delay_168h,20260929,total_cost_usd,USD,25191742.798955087,59450011.88775021,34258269.088795125,135.99007167624825
D1,uswc_compound_35pct_delay_168h,20260930,total_cost_usd,USD,25564523.014464915,58527896.742623255,32963373.72815834,128.9418688136955
D1,uswc_compound_35pct_delay_168h,20260931,total_cost_usd,USD,25217481.649182767,58262819.41914125,33045337.76995848,131.04138719985704
D1,uswc_compound_35pct_delay_168h,20260932,total_cost_usd,USD,25221481.169953357,57225190.260745384,32003709.090792026,126.89068050816309
D1,uswc_compound_35pct_delay_168h,20260933,total_cost_usd,USD,25177392.60003796,56974273.12394988,31796880.52391192,126.29139573358356
D1,uswc_compound_35pct_delay_168h,20260934,total_cost_usd,USD,25345585.86754619,57750009.427766636,32404423.560220446,127.85036309503013
D1,uswc_compound_35pct_delay_168h,20260935,total_cost_usd,USD,25305074.64729478,57810461.815407276,32505387.168112498,128.45402600536278
D1,uswc_compound_35pct_delay_168h,20260906,weighted_mean_delivery_time_h,h,631.2515582168876,832.5737629433237,201.3222047264361,31.892547765761734
D1,uswc_compound_35pct_delay_168h,20260907,weighted_mean_delivery_time_h,h,620.8929751749603,831.2283069229389,210.33533174797867,33.87626211887945
D1,uswc_compound_35pct_delay_168h,20260908,weighted_mean_delivery_time_h,h,629.0580670168874,833.4408267970729,204.38275978018544,32.49028515752246
D1,uswc_compound_35pct_delay_168h,20260909,weighted_mean_delivery_time_h,h,630.5950551057432,831.9915097914746,201.39645468573144,31.93752520814799
D1,uswc_compound_35pct_delay_168h,20260910,weighted_mean_delivery_time_h,h,620.5607815634917,833.4410864275183,212.88030486402658,34.304505084526696
D1,uswc_compound_35pct_delay_168h,20260911,weighted_mean_delivery_time_h,h,624.39263151076,834.4669245946629,210.07429308390294,33.644582348067445
D1,uswc_compound_35pct_delay_168h,20260912,weighted_mean_delivery_time_h,h,626.7443542432873,833.460349482211,206.7159952389237,32.98250615891172
D1,uswc_compound_35pct_delay_168h,20260913,weighted_mean_delivery_time_h,h,628.5960554010862,831.7560122433464,203.15995684226016,32.319635972362335
D1,uswc_compound_35pct_delay_168h,20260914,weighted_mean_delivery_time_h,h,620.4554428150458,833.0329705188129,212.57752770376715,34.26153000436089
D1,uswc_compound_35pct_delay_168h,20260915,weighted_mean_delivery_time_h,h,615.6406286172274,832.3919304464272,216.75130182919975,35.20743949534951
D1,uswc_compound_35pct_delay_168h,20260916,weighted_mean_delivery_time_h,h,625.1349055846833,831.603714827305,206.46880924262166,33.0278804459836
D1,uswc_compound_35pct_delay_168h,20260917,weighted_mean_delivery_time_h,h,623.1969666843478,832.7711449486942,209.57417826434641,33.6288829163215
D1,uswc_compound_35pct_delay_168h,20260918,weighted_mean_delivery_time_h,h,620.2759784168749,835.242511917129,214.96653350025417,34.656594964214385
D1,uswc_compound_35pct_delay_168h,20260919,weighted_mean_delivery_time_h,h,620.748467188563,831.0659581707789,210.31749098221587,33.88127431627282
D1,uswc_compound_35pct_delay_168h,20260920,weighted_mean_delivery_time_h,h,620.4134857169181,832.8501196631958,212.43663394627765,34.241137376438026
D1,uswc_compound_35pct_delay_168h,20260921,weighted_mean_delivery_time_h,h,621.2529400389718,829.5984038396845,208.34546380071265,33.536334457852696
D1,uswc_compound_35pct_delay_168h,20260922,weighted_mean_delivery_time_h,h,625.1420091598114,831.2132799341589,206.07127077434745,32.963913439652934
D1,uswc_compound_35pct_delay_168h,20260923,weighted_mean_delivery_time_h,h,627.507329158215,831.0285352564651,203.5212060982501,32.433279523805496
D1,uswc_compound_35pct_delay_168h,20260924,weighted_mean_delivery_time_h,h,622.4143702737733,831.6152327424445,209.20086246867118,33.61118773280455
D1,uswc_compound_35pct_delay_168h,20260925,weighted_mean_delivery_time_h,h,619.9291129020464,832.2745535349139,212.3454406328675,34.2531809223839
D1,uswc_compound_35pct_delay_168h,20260926,weighted_mean_delivery_time_h,h,617.7039590188061,832.124340160214,214.42038114140792,34.712482899090475
D1,uswc_compound_35pct_delay_168h,20260927,weighted_mean_delivery_time_h,h,623.8893318601287,832.1690680189022,208.27973615877352,33.38408360626821
D1,uswc_compound_35pct_delay_168h,20260928,weighted_mean_delivery_time_h,h,623.2855024274461,833.2472059135204,209.96170348607427,33.68628063196689
D1,uswc_compound_35pct_delay_168h,20260929,weighted_mean_delivery_time_h,h,628.873470107427,833.0114572902893,204.13798718286228,32.46089982902133
D1,uswc_compound_35pct_delay_168h,20260930,weighted_mean_delivery_time_h,h,620.6624744076898,831.3743828476026,210.7119084399128,33.94951638424721
D1,uswc_compound_35pct_delay_168h,20260931,weighted_mean_delivery_time_h,h,626.4226177767099,833.1865860288328,206.76396825212294,33.00710453047922
D1,uswc_compound_35pct_delay_168h,20260932,weighted_mean_delivery_time_h,h,624.4256273744387,832.8344004518334,208.4087730773947,33.37607617959308
D1,uswc_compound_35pct_delay_168h,20260933,weighted_mean_delivery_time_h,h,625.6500334808647,832.0802277523079,206.43019427144316,32.99451502031395
D1,uswc_compound_35pct_delay_168h,20260934,weighted_mean_delivery_time_h,h,626.3282514198103,831.1444214211964,204.81617000138613,32.701090767835026
D1,uswc_compound_35pct_delay_168h,20260935,weighted_mean_delivery_time_h,h,621.3079809518541,831.641415904608,210.33343495275392,33.853329009313484
D1,uswc_departure_delay_264h,20260906,total_cost_usd,USD,24842445.19812098,73101443.82449898,48258998.626378,194.26025997645428
D1,uswc_departure_delay_264h,20260907,total_cost_usd,USD,25515584.528721776,73064407.47992776,47548822.951205984,186.35208179409867
D1,uswc_departure_delay_264h,20260908,total_cost_usd,USD,25569653.57766146,72792468.0847349,47222814.50707345,184.68304376375653
D1,uswc_departure_delay_264h,20260909,total_cost_usd,USD,25186500.8418719,73230702.36663383,48044201.52476193,190.75377650272762
D1,uswc_departure_delay_264h,20260910,total_cost_usd,USD,25543194.307037503,73026856.90282,47483662.5957825,185.89555411517225
D1,uswc_departure_delay_264h,20260911,total_cost_usd,USD,25452940.511781923,73001711.74922499,47548771.23744307,186.810522797683
D1,uswc_departure_delay_264h,20260912,total_cost_usd,USD,25232421.79304781,73338703.43751268,48106281.644464865,190.6526533165334
D1,uswc_departure_delay_264h,20260913,total_cost_usd,USD,25677113.651315615,73088541.85251391,47411428.201198295,184.6446950581187
D1,uswc_departure_delay_264h,20260914,total_cost_usd,USD,25641665.444374107,73195015.38366495,47553349.939290844,185.45343726775852
D1,uswc_departure_delay_264h,20260915,total_cost_usd,USD,25546508.438125897,73073709.37534177,47527200.93721588,186.04186576935794
D1,uswc_departure_delay_264h,20260916,total_cost_usd,USD,25224257.32314798,72874115.04562011,47649857.72247213,188.9048986141783
D1,uswc_departure_delay_264h,20260917,total_cost_usd,USD,25323906.030142374,72945769.02271026,47621862.99256789,188.05101762692078
D1,uswc_departure_delay_264h,20260918,total_cost_usd,USD,25439066.657839645,72860979.21549137,47421912.55765173,186.41372812723677
D1,uswc_departure_delay_264h,20260919,total_cost_usd,USD,25535165.286814276,73291596.10494408,47756430.81812981,187.02221145515765
D1,uswc_departure_delay_264h,20260920,total_cost_usd,USD,25320529.721365545,72893988.1785879,47573458.45722236,187.88492571338156
D1,uswc_departure_delay_264h,20260921,total_cost_usd,USD,25593553.10810194,73036463.12462407,47442910.01652213,185.37054943537134
D1,uswc_departure_delay_264h,20260922,total_cost_usd,USD,25234968.73262493,73098736.7777962,47863768.04517126,189.67238894689328
D1,uswc_departure_delay_264h,20260923,total_cost_usd,USD,25183901.81765151,73154354.37553534,47970452.55788383,190.48062093484307
D1,uswc_departure_delay_264h,20260924,total_cost_usd,USD,25394621.600913357,72734619.0395674,47339997.438654035,186.41741618607688
D1,uswc_departure_delay_264h,20260925,total_cost_usd,USD,25475960.521740958,73148435.26785329,47672474.74611233,187.12729086477057
D1,uswc_departure_delay_264h,20260926,total_cost_usd,USD,25366926.301028013,72948960.38002956,47582034.079001546,187.57508700245344
D1,uswc_departure_delay_264h,20260927,total_cost_usd,USD,25328678.692612767,73050328.81625293,47721650.123640165,188.40955228177148
D1,uswc_departure_delay_264h,20260928,total_cost_usd,USD,25577762.70665097,73340047.64355403,47762284.93690306,186.7336306333136
D1,uswc_departure_delay_264h,20260929,total_cost_usd,USD,25191742.798955087,73480615.49044913,48288872.69149405,191.68531957819525
D1,uswc_departure_delay_264h,20260930,total_cost_usd,USD,25564523.014464915,72929612.90545878,47365089.89099386,185.27664241649944
D1,uswc_departure_delay_264h,20260931,total_cost_usd,USD,25217481.649182767,73094991.23544975,47877509.58626698,189.85840954431134
D1,uswc_departure_delay_264h,20260932,total_cost_usd,USD,25221481.169953357,72905520.10772046,47684038.9377671,189.06121578051352
D1,uswc_departure_delay_264h,20260933,total_cost_usd,USD,25177392.60003796,72948176.55349654,47770783.95345858,189.73681950444129
D1,uswc_departure_delay_264h,20260934,total_cost_usd,USD,25345585.86754619,72731464.43192534,47385878.564379156,186.95909738292738
D1,uswc_departure_delay_264h,20260935,total_cost_usd,USD,25305074.64729478,73254970.48216042,47949895.834865645,189.4872728225352
D1,uswc_departure_delay_264h,20260906,weighted_mean_delivery_time_h,h,631.2515582168876,870.2662925128112,239.01473429592363,37.86362681956376
D1,uswc_departure_delay_264h,20260907,weighted_mean_delivery_time_h,h,620.8929751749603,870.2936306329568,249.40065545799655,40.16805881685461
D1,uswc_departure_delay_264h,20260908,weighted_mean_delivery_time_h,h,629.0580670168874,870.2690929603992,241.2110259435118,38.34479495468204
D1,uswc_departure_delay_264h,20260909,weighted_mean_delivery_time_h,h,630.5950551057432,870.2918526540715,239.69679754832828,38.011207922988554
D1,uswc_departure_delay_264h,20260910,weighted_mean_delivery_time_h,h,620.5607815634917,870.2905705657442,249.72978900225257,40.24259934265631
D1,uswc_departure_delay_264h,20260911,weighted_mean_delivery_time_h,h,624.39263151076,870.1896089649028,245.79697745414285,39.365771639460334
D1,uswc_departure_delay_264h,20260912,weighted_mean_delivery_time_h,h,626.7443542432873,870.2445981264627,243.50024388317547,38.85160548070202
D1,uswc_departure_delay_264h,20260913,weighted_mean_delivery_time_h,h,628.5960554010862,870.3008035622382,241.704748161152,38.451521622567014
D1,uswc_departure_delay_264h,20260914,weighted_mean_delivery_time_h,h,620.4554428150458,870.1908935590526,249.7354507440068,40.2503441038314
D1,uswc_departure_delay_264h,20260915,weighted_mean_delivery_time_h,h,615.6406286172274,870.279821154648,254.6391925374205,41.361661446769396
D1,uswc_departure_delay_264h,20260916,weighted_mean_delivery_time_h,h,625.1349055846833,870.2683205657933,245.13341498110992,39.21288233806729
D1,uswc_departure_delay_264h,20260917,weighted_mean_delivery_time_h,h,623.1969666843478,870.3022676773145,247.1053009929667,39.65123615855574
D1,uswc_departure_delay_264h,20260918,weighted_mean_delivery_time_h,h,620.2759784168749,870.0914096987113,249.81543128183648,40.27488407973469
D1,uswc_departure_delay_264h,20260919,weighted_mean_delivery_time_h,h,620.748467188563,870.3764305586674,249.62796337010434,40.214028155509816
D1,uswc_departure_delay_264h,20260920,weighted_mean_delivery_time_h,h,620.4134857169181,870.0631984982109,249.6497127812928,40.23924665222426
D1,uswc_departure_delay_264h,20260921,weighted_mean_delivery_time_h,h,621.2529400389718,870.2327528173018,248.97981277833003,40.07704378231373
D1,uswc_departure_delay_264h,20260922,weighted_mean_delivery_time_h,h,625.1420091598114,870.1269213645746,244.9849122047632,39.18868170994012
D1,uswc_departure_delay_264h,20260923,weighted_mean_delivery_time_h,h,627.507329158215,870.3633550864332,242.85602592821817,38.7017034930896
D1,uswc_departure_delay_264h,20260924,weighted_mean_delivery_time_h,h,622.4143702737733,870.1040918699133,247.68972159613998,39.794987620094936
D1,uswc_departure_delay_264h,20260925,weighted_mean_delivery_time_h,h,619.9291129020464,870.3433202700501,250.41420736800364,40.39400669469301
D1,uswc_departure_delay_264h,20260926,weighted_mean_delivery_time_h,h,617.7039590188061,870.2078728549608,252.50391383615465,40.87782021621576
D1,uswc_departure_delay_264h,20260927,weighted_mean_delivery_time_h,h,623.8893318601287,870.5089602083316,246.61962834820292,39.52938698485282
D1,uswc_departure_delay_264h,20260928,weighted_mean_delivery_time_h,h,623.2855024274461,870.3143165286045,247.02881410115845,39.63333225930664
D1,uswc_departure_delay_264h,20260929,weighted_mean_delivery_time_h,h,628.873470107427,870.3704020791571,241.49693197173008,38.40151373065181
D1,uswc_departure_delay_264h,20260930,weighted_mean_delivery_time_h,h,620.6624744076898,870.1814926737688,249.519018266079,40.20204677336096
D1,uswc_departure_delay_264h,20260931,weighted_mean_delivery_time_h,h,626.4226177767099,870.3456308916441,243.92301311493418,38.939049483982906
D1,uswc_departure_delay_264h,20260932,weighted_mean_delivery_time_h,h,624.4256273744387,870.1710040669487,245.74537669251004,39.35542775939721
D1,uswc_departure_delay_264h,20260933,weighted_mean_delivery_time_h,h,625.6500334808647,870.3124394230866,244.66240594222188,39.10531333004472
D1,uswc_departure_delay_264h,20260934,weighted_mean_delivery_time_h,h,626.3282514198103,870.1398006603766,243.81154924056636,38.927119874901884
D1,uswc_departure_delay_264h,20260935,weighted_mean_delivery_time_h,h,621.3079809518541,870.2923474799519,248.98436652809778,40.07422633564913
D1,uswc_departure_delay_288h,20260906,total_cost_usd,USD,24842445.19812098,78680519.14144452,53838073.94332354,216.71809483309522
D1,uswc_departure_delay_288h,20260907,total_cost_usd,USD,25515584.528721776,78821871.50992048,53306286.9811987,208.91658163344897
D1,uswc_departure_delay_288h,20260908,total_cost_usd,USD,25569653.57766146,78714313.79592253,53144660.21826108,207.8427072030812
D1,uswc_departure_delay_288h,20260909,total_cost_usd,USD,25186500.8418719,78645037.1352984,53458536.2934265,212.25074745020981
D1,uswc_departure_delay_288h,20260910,total_cost_usd,USD,25543194.307037503,78608900.11791632,53065705.81087881,207.74890240042717
D1,uswc_departure_delay_288h,20260911,total_cost_usd,USD,25452940.511781923,78542839.12896906,53089898.617187135,208.58061013662578
D1,uswc_departure_delay_288h,20260912,total_cost_usd,USD,25232421.79304781,78774562.93373545,53542141.14068763,212.1958073617804
D1,uswc_departure_delay_288h,20260913,total_cost_usd,USD,25677113.651315615,78833349.56155433,53156235.91023871,207.01795627062296
D1,uswc_departure_delay_288h,20260914,total_cost_usd,USD,25641665.444374107,78848147.55521052,53206482.11083641,207.5001026211039
D1,uswc_departure_delay_288h,20260915,total_cost_usd,USD,25546508.438125897,78694687.64775668,53148179.20963079,208.04478756209144
D1,uswc_departure_delay_288h,20260916,total_cost_usd,USD,25224257.32314798,79155154.33860604,53930897.01545806,213.80568840758838
D1,uswc_departure_delay_288h,20260917,total_cost_usd,USD,25323906.030142374,78837986.3687864,53514080.33864402,211.3184288195811
D1,uswc_departure_delay_288h,20260918,total_cost_usd,USD,25439066.657839645,78840548.99776754,53401482.3399279,209.9191886958281
D1,uswc_departure_delay_288h,20260919,total_cost_usd,USD,25535165.286814276,78912594.9315292,53377429.64471492,209.03498781062402
D1,uswc_departure_delay_288h,20260920,total_cost_usd,USD,25320529.721365545,79026400.37694114,53705870.6555756,212.1040564576278
D1,uswc_departure_delay_288h,20260921,total_cost_usd,USD,25593553.10810194,78735229.35426866,53141676.24616671,207.63696240888137
D1,uswc_departure_delay_288h,20260922,total_cost_usd,USD,25234968.73262493,79005277.41085082,53770308.67822589,213.0785627196326
D1,uswc_departure_delay_288h,20260923,total_cost_usd,USD,25183901.81765151,78749315.66250016,53565413.84484865,212.69704048522144
D1,uswc_departure_delay_288h,20260924,total_cost_usd,USD,25394621.600913357,78720525.02331735,53325903.42240399,209.98896640572917
D1,uswc_departure_delay_288h,20260925,total_cost_usd,USD,25475960.521740958,78805282.81394139,53329322.29220043,209.33193960121608
D1,uswc_departure_delay_288h,20260926,total_cost_usd,USD,25366926.301028013,78694740.58790158,53327814.286873564,210.2257626881362
D1,uswc_departure_delay_288h,20260927,total_cost_usd,USD,25328678.692612767,78834924.22829194,53506245.53567918,211.24767772147757
D1,uswc_departure_delay_288h,20260928,total_cost_usd,USD,25577762.70665097,78842872.48187146,53265109.77522048,208.24772825564602
D1,uswc_departure_delay_288h,20260929,total_cost_usd,USD,25191742.798955087,78775893.2399524,53584150.44099732,212.7052140402922
D1,uswc_departure_delay_288h,20260930,total_cost_usd,USD,25564523.014464915,78719544.04946007,53155021.03499515,207.92494741606947
D1,uswc_departure_delay_288h,20260931,total_cost_usd,USD,25217481.649182767,78776642.65887627,53559161.0096935,212.38901550436628
D1,uswc_departure_delay_288h,20260932,total_cost_usd,USD,25221481.169953357,78768218.67794794,53546737.50799458,212.30607808943998
D1,uswc_departure_delay_288h,20260933,total_cost_usd,USD,25177392.60003796,78781576.48256947,53604183.88253151,212.90601745015763
D1,uswc_departure_delay_288h,20260934,total_cost_usd,USD,25345585.86754619,78958330.86663789,53612744.9990917,211.52695100151644
D1,uswc_departure_delay_288h,20260935,total_cost_usd,USD,25305074.64729478,78983392.43089995,53678317.78360517,212.12471621514706
D1,uswc_departure_delay_288h,20260906,weighted_mean_delivery_time_h,h,631.2515582168876,887.488241140701,256.2366829238134,40.5918495706548
D1,uswc_departure_delay_288h,20260907,weighted_mean_delivery_time_h,h,620.8929751749603,887.716286113086,266.8233109381257,42.97412301418583
D1,uswc_departure_delay_288h,20260908,weighted_mean_delivery_time_h,h,629.0580670168874,888.6587850905231,259.6007180736357,41.26816452807155
D1,uswc_departure_delay_288h,20260909,weighted_mean_delivery_time_h,h,630.5950551057432,888.7261701305323,258.1311150247891,40.93452889215943
D1,uswc_departure_delay_288h,20260910,weighted_mean_delivery_time_h,h,620.5607815634917,889.4516352987482,268.89085373525654,43.33030087041448
D1,uswc_departure_delay_288h,20260911,weighted_mean_delivery_time_h,h,624.39263151076,889.2635172725145,264.8708857617545,42.42056558561263
D1,uswc_departure_delay_288h,20260912,weighted_mean_delivery_time_h,h,626.7443542432873,888.8879991522713,262.143644908984,41.8262475176962
D1,uswc_departure_delay_288h,20260913,weighted_mean_delivery_time_h,h,628.5960554010862,887.0435716556977,258.4475162546115,41.115039465162525
D1,uswc_departure_delay_288h,20260914,weighted_mean_delivery_time_h,h,620.4554428150458,887.1517604325157,266.69631761746996,42.98395971956533
D1,uswc_departure_delay_288h,20260915,weighted_mean_delivery_time_h,h,615.6406286172274,888.1800763172972,272.5394477000698,44.26924329412969
D1,uswc_departure_delay_288h,20260916,weighted_mean_delivery_time_h,h,625.1349055846833,888.1930113050378,263.05810572035443,42.08021394587116
D1,uswc_departure_delay_288h,20260917,weighted_mean_delivery_time_h,h,623.1969666843478,887.3167647752397,264.1197980908919,42.38143190845629
D1,uswc_departure_delay_288h,20260918,weighted_mean_delivery_time_h,h,620.2759784168749,889.8875508542172,269.6115724373424,43.46638944901102
D1,uswc_departure_delay_288h,20260919,weighted_mean_delivery_time_h,h,620.748467188563,887.4256471394323,266.67717995086923,42.960586138646306
D1,uswc_departure_delay_288h,20260920,weighted_mean_delivery_time_h,h,620.4134857169181,888.1977500732394,267.7842643563213,43.16222495500456
D1,uswc_departure_delay_288h,20260921,weighted_mean_delivery_time_h,h,621.2529400389718,888.7719118065196,267.5189717675478,43.06120012096297
D1,uswc_departure_delay_288h,20260922,weighted_mean_delivery_time_h,h,625.1420091598114,888.042539371157,262.90053021134554,42.05452942839066
D1,uswc_departure_delay_288h,20260923,weighted_mean_delivery_time_h,h,627.507329158215,889.4326924220044,261.92536326378934,41.74060621971627
D1,uswc_departure_delay_288h,20260924,weighted_mean_delivery_time_h,h,622.4143702737733,887.1230194574388,264.70864918366544,42.5293280210146
D1,uswc_departure_delay_288h,20260925,weighted_mean_delivery_time_h,h,619.9291129020464,888.1609453311936,268.2318324291472,43.26814580032957
D1,uswc_departure_delay_288h,20260926,weighted_mean_delivery_time_h,h,617.7039590188061,887.2148440922139,269.51088507340774,43.63107620380371
D1,uswc_departure_delay_288h,20260927,weighted_mean_delivery_time_h,h,623.8893318601287,888.1114004251007,264.222068564972,42.35079124965846
D1,uswc_departure_delay_288h,20260928,weighted_mean_delivery_time_h,h,623.2855024274461,887.7006324978001,264.41513007035405,42.422794857342836
D1,uswc_departure_delay_288h,20260929,weighted_mean_delivery_time_h,h,628.873470107427,887.7119980484077,258.8385279409807,41.159078931532086
D1,uswc_departure_delay_288h,20260930,weighted_mean_delivery_time_h,h,620.6624744076898,888.1486278314559,267.48615342376604,43.09687865035392
D1,uswc_departure_delay_288h,20260931,weighted_mean_delivery_time_h,h,626.4226177767099,888.600819739811,262.17820196310106,41.853246438262424
D1,uswc_departure_delay_288h,20260932,weighted_mean_delivery_time_h,h,624.4256273744387,889.0731620045142,264.6475346300755,42.38255494779346
D1,uswc_departure_delay_288h,20260933,weighted_mean_delivery_time_h,h,625.6500334808647,888.4942133026616,262.84417982179684,42.01137469128511
D1,uswc_departure_delay_288h,20260934,weighted_mean_delivery_time_h,h,626.3282514198103,890.0476923805436,263.7194409607333,42.10562757833665
D1,uswc_departure_delay_288h,20260935,weighted_mean_delivery_time_h,h,621.3079809518541,888.0907570171585,266.78277606530435,42.93889411441146
D1,uswc_departure_delay_312h,20260906,total_cost_usd,USD,24842445.19812098,80998431.97123215,56155986.773111165,226.04854846317085
D1,uswc_departure_delay_312h,20260907,total_cost_usd,USD,25515584.528721776,81032850.12250596,55517265.59378418,217.5817901850958
D1,uswc_departure_delay_312h,20260908,total_cost_usd,USD,25569653.57766146,81024892.10060096,55455238.5229395,216.87911552852296
D1,uswc_departure_delay_312h,20260909,total_cost_usd,USD,25186500.8418719,80922942.09211977,55736441.250247866,221.29489761272234
D1,uswc_departure_delay_312h,20260910,total_cost_usd,USD,25543194.307037503,80974562.5677518,55431368.26071429,217.01032217979952
D1,uswc_departure_delay_312h,20260911,total_cost_usd,USD,25452940.511781923,80928903.9549808,55475963.44319888,217.95502730821843
D1,uswc_departure_delay_312h,20260912,total_cost_usd,USD,25232421.79304781,80798971.36471723,55566549.571669415,220.21885187009454
D1,uswc_departure_delay_312h,20260913,total_cost_usd,USD,25677113.651315615,81039367.99521561,55362254.343899995,215.60933637517084
D1,uswc_departure_delay_312h,20260914,total_cost_usd,USD,25641665.444374107,80961695.69708216,55320030.252708055,215.74273470152272
D1,uswc_departure_delay_312h,20260915,total_cost_usd,USD,25546508.438125897,80999692.42289914,55453183.98477325,217.0675656874279
D1,uswc_departure_delay_312h,20260916,total_cost_usd,USD,25224257.32314798,80931940.84003937,55707683.51689139,220.84964803213123
D1,uswc_departure_delay_312h,20260917,total_cost_usd,USD,25323906.030142374,81111604.89456853,55787698.86442616,220.29657983260375
D1,uswc_departure_delay_312h,20260918,total_cost_usd,USD,25439066.657839645,80945279.71315068,55506213.05531104,218.192804798542
D1,uswc_departure_delay_312h,20260919,total_cost_usd,USD,25535165.286814276,81113251.69486193,55578086.40804766,217.6531296499843
D1,uswc_departure_delay_312h,20260920,total_cost_usd,USD,25320529.721365545,80991961.45310786,55671431.73174232,219.86677350105592
D1,uswc_departure_delay_312h,20260921,total_cost_usd,USD,25593553.10810194,80966356.46505255,55372803.3569506,216.3544980373268
D1,uswc_departure_delay_312h,20260922,total_cost_usd,USD,25234968.73262493,80941611.28249136,55706642.54986642,220.751779564705
D1,uswc_departure_delay_312h,20260923,total_cost_usd,USD,25183901.81765151,81013863.00883628,55829961.191184774,221.6890837465595
D1,uswc_departure_delay_312h,20260924,total_cost_usd,USD,25394621.600913357,80934708.32972163,55540086.72880827,218.70806977021735
D1,uswc_departure_delay_312h,20260925,total_cost_usd,USD,25475960.521740958,80917399.32136135,55441438.79962039,217.62256521125929
D1,uswc_departure_delay_312h,20260926,total_cost_usd,USD,25366926.301028013,81063760.1684932,55696833.86746518,219.564771886486
D1,uswc_departure_delay_312h,20260927,total_cost_usd,USD,25328678.692612767,80851864.5496007,55523185.85698794,219.21074735407157
D1,uswc_departure_delay_312h,20260928,total_cost_usd,USD,25577762.70665097,80985619.07445665,55407856.367805675,216.62510909680933
D1,uswc_departure_delay_312h,20260929,total_cost_usd,USD,25191742.798955087,81046768.42524156,55855025.62628648,221.71957721243191
D1,uswc_departure_delay_312h,20260930,total_cost_usd,USD,25564523.014464915,80852274.31257522,55287751.298110306,216.26748626143893
D1,uswc_departure_delay_312h,20260931,total_cost_usd,USD,25217481.649182767,80823460.6704316,55605979.02124883,220.50567854007295
D1,uswc_departure_delay_312h,20260932,total_cost_usd,USD,25221481.169953357,81016092.59816003,55794611.42820667,221.21861540263316
D1,uswc_departure_delay_312h,20260933,total_cost_usd,USD,25177392.60003796,80958259.0494735,55780866.44943553,221.55140262360382
D1,uswc_departure_delay_312h,20260934,total_cost_usd,USD,25345585.86754619,80785001.55959193,55439415.69204575,218.73400749845464
D1,uswc_departure_delay_312h,20260935,total_cost_usd,USD,25305074.64729478,80963322.5499542,55658247.90265943,219.9489575843221
D1,uswc_departure_delay_312h,20260906,weighted_mean_delivery_time_h,h,631.2515582168876,901.8207419134749,270.5691836965873,42.86233913796126
D1,uswc_departure_delay_312h,20260907,weighted_mean_delivery_time_h,h,620.8929751749603,901.7322657110709,280.83929053611064,45.23151360457468
D1,uswc_departure_delay_312h,20260908,weighted_mean_delivery_time_h,h,629.0580670168874,902.3905942512233,273.3325272343359,43.45108052274578
D1,uswc_departure_delay_312h,20260909,weighted_mean_delivery_time_h,h,630.5950551057432,901.5964235356811,271.0013684299379,42.9754984971289
D1,uswc_departure_delay_312h,20260910,weighted_mean_delivery_time_h,h,620.5607815634917,901.5968084682777,281.036026904786,45.28742957244588
D1,uswc_departure_delay_312h,20260911,weighted_mean_delivery_time_h,h,624.39263151076,902.1225645159038,277.72993300514383,44.48001449555187
D1,uswc_departure_delay_312h,20260912,weighted_mean_delivery_time_h,h,626.7443542432873,901.8930101730158,275.14865592972853,43.90125799568389
D1,uswc_departure_delay_312h,20260913,weighted_mean_delivery_time_h,h,628.5960554010862,901.4185115635615,272.8224561624753,43.401872127307
D1,uswc_departure_delay_312h,20260914,weighted_mean_delivery_time_h,h,620.4554428150458,902.2692910344115,281.8138482193657,45.42048127432944
D1,uswc_departure_delay_312h,20260915,weighted_mean_delivery_time_h,h,615.6406286172274,902.4501596436531,286.8095310264257,46.587167528338775
D1,uswc_departure_delay_312h,20260916,weighted_mean_delivery_time_h,h,625.1349055846833,901.9469466824614,276.8120410977781,44.280368705196224
D1,uswc_departure_delay_312h,20260917,weighted_mean_delivery_time_h,h,623.1969666843478,901.8235400784849,278.62657339413715,44.70923131679215
D1,uswc_departure_delay_312h,20260918,weighted_mean_delivery_time_h,h,620.2759784168749,901.7283794344424,281.4524010175676,45.37535078110169
D1,uswc_departure_delay_312h,20260919,weighted_mean_delivery_time_h,h,620.748467188563,902.1107542584007,281.36228706983763,45.32629590599842
D1,uswc_departure_delay_312h,20260920,weighted_mean_delivery_time_h,h,620.4134857169181,902.632929150855,282.21944343393693,45.48892793776373
D1,uswc_departure_delay_312h,20260921,weighted_mean_delivery_time_h,h,621.2529400389718,901.7852605755174,280.5323205365456,45.155894235115824
D1,uswc_departure_delay_312h,20260922,weighted_mean_delivery_time_h,h,625.1420091598114,902.0533649184939,276.9113557586825,44.29575227728662
D1,uswc_departure_delay_312h,20260923,weighted_mean_delivery_time_h,h,627.507329158215,902.1722382534823,274.66490909526726,43.77078901432485
D1,uswc_departure_delay_312h,20260924,weighted_mean_delivery_time_h,h,622.4143702737733,902.69191334644,280.2775430726666,45.03069923488184
D1,uswc_departure_delay_312h,20260925,weighted_mean_delivery_time_h,h,619.9291129020464,901.4200103301022,281.49089742805575,45.40694920913216
D1,uswc_departure_delay_312h,20260926,weighted_mean_delivery_time_h,h,617.7039590188061,902.0509442903251,284.346985271519,46.03289020895881
D1,uswc_departure_delay_312h,20260927,weighted_mean_delivery_time_h,h,623.8893318601287,902.7721454319835,278.88281357185485,44.700686376598966
D1,uswc_departure_delay_312h,20260928,weighted_mean_delivery_time_h,h,623.2855024274461,901.5824847733157,278.29698234586965,44.65000088434834
D1,uswc_departure_delay_312h,20260929,weighted_mean_delivery_time_h,h,628.873470107427,902.5274504441144,273.65398033668737,43.514950676793624
D1,uswc_departure_delay_312h,20260930,weighted_mean_delivery_time_h,h,620.6624744076898,901.9168646329703,281.2543902252804,45.31519172214929
D1,uswc_departure_delay_312h,20260931,weighted_mean_delivery_time_h,h,626.4226177767099,901.2314097991348,274.8087920224249,43.86955135779935
D1,uswc_departure_delay_312h,20260932,weighted_mean_delivery_time_h,h,624.4256273744387,901.8775726932374,277.4519453187987,44.43314514258778
D1,uswc_departure_delay_312h,20260933,weighted_mean_delivery_time_h,h,625.6500334808647,901.4786779987669,275.82864451790215,44.08673056138152
D1,uswc_departure_delay_312h,20260934,weighted_mean_delivery_time_h,h,626.3282514198103,901.9117132179284,275.58346179811815,43.99984531647803
D1,uswc_departure_delay_312h,20260935,weighted_mean_delivery_time_h,h,621.3079809518541,902.5984367337255,281.2904557818714,45.273916383776324
D2,uswc_compound_35pct_delay_168h,20260906,total_cost_usd,USD,25278806.236593403,59125483.38971499,33846677.15312159,133.89349495517476
D2,uswc_compound_35pct_delay_168h,20260907,total_cost_usd,USD,25123601.95313961,59524103.18088525,34400501.22774564,136.9250368315389
D2,uswc_compound_35pct_delay_168h,20260908,total_cost_usd,USD,25276617.754388966,59493360.90660092,34216743.15221196,135.36915217333873
D2,uswc_compound_35pct_delay_168h,20260909,total_cost_usd,USD,25222033.63080329,59005138.986177154,33783105.35537386,133.9428289165195
D2,uswc_compound_35pct_delay_168h,20260910,total_cost_usd,USD,25220434.03676876,59883593.47931082,34663159.44254206,137.44077279561006
D2,uswc_compound_35pct_delay_168h,20260911,total_cost_usd,USD,25494817.407277174,58797079.08251769,33302261.675240517,130.623652420177
D2,uswc_compound_35pct_delay_168h,20260912,total_cost_usd,USD,25360262.129742343,59593456.50643775,34233194.37669541,134.98754153864581
D2,uswc_compound_35pct_delay_168h,20260913,total_cost_usd,USD,25391934.626830075,58898232.424592465,33506297.79776239,131.95645897086698
D2,uswc_compound_35pct_delay_168h,20260914,total_cost_usd,USD,25332476.476330154,59267228.91617947,33934752.43984932,133.9575010424143
D2,uswc_compound_35pct_delay_168h,20260915,total_cost_usd,USD,25163166.756595816,59525310.801833,34362144.04523718,136.5573116357865
D2,uswc_compound_35pct_delay_168h,20260916,total_cost_usd,USD,25266711.35950584,58881443.09648738,33614731.73698154,133.03960004409126
D2,uswc_compound_35pct_delay_168h,20260917,total_cost_usd,USD,25373371.706048667,59170402.74982924,33797031.04378057,133.1988173874575
D2,uswc_compound_35pct_delay_168h,20260918,total_cost_usd,USD,25146315.907751385,57434279.83125333,32287963.923501942,128.40037499707518
D2,uswc_compound_35pct_delay_168h,20260919,total_cost_usd,USD,25193293.341905214,59063146.39077137,33869853.04886615,134.43995824289
D2,uswc_compound_35pct_delay_168h,20260920,total_cost_usd,USD,25153932.23040417,59230991.25379934,34077059.02339517,135.4740829833572
D2,uswc_compound_35pct_delay_168h,20260921,total_cost_usd,USD,25635637.652448915,58553463.3752297,32917825.722780786,128.40650257683845
D2,uswc_compound_35pct_delay_168h,20260922,total_cost_usd,USD,25162484.532220487,59297207.317566186,34134722.7853457,135.65720325286753
D2,uswc_compound_35pct_delay_168h,20260923,total_cost_usd,USD,25046006.42259322,58951629.65374212,33905623.2311489,135.37337114376723
D2,uswc_compound_35pct_delay_168h,20260924,total_cost_usd,USD,25428893.801923327,59607120.92943795,34178227.12751462,134.40705440725674
D2,uswc_compound_35pct_delay_168h,20260925,total_cost_usd,USD,25206519.600066766,57456526.679625414,32250007.07955865,127.94311785698977
D2,uswc_compound_35pct_delay_168h,20260926,total_cost_usd,USD,25308508.040359497,59738199.7702146,34429691.729855105,136.03998969417734
D2,uswc_compound_35pct_delay_168h,20260927,total_cost_usd,USD,25315951.693776637,59215344.45617982,33899392.76240318,133.90526721038339
D2,uswc_compound_35pct_delay_168h,20260928,total_cost_usd,USD,25531649.809478123,60314720.903421246,34783071.09394312,136.23510957380665
D2,uswc_compound_35pct_delay_168h,20260929,total_cost_usd,USD,25042488.426821988,60299901.07332081,35257412.64649883,140.7903721290575
D2,uswc_compound_35pct_delay_168h,20260930,total_cost_usd,USD,25332159.27667016,59324068.877067894,33991909.600397736,134.1848092345718
D2,uswc_compound_35pct_delay_168h,20260931,total_cost_usd,USD,25724809.667285755,59897022.64415907,34172212.976873316,132.83757360634675
D2,uswc_compound_35pct_delay_168h,20260932,total_cost_usd,USD,25559731.174305983,58931227.40570054,33371496.23139456,130.56278254186563
D2,uswc_compound_35pct_delay_168h,20260933,total_cost_usd,USD,25101518.18841451,58970052.71031339,33868534.52189888,134.92623939188962
D2,uswc_compound_35pct_delay_168h,20260934,total_cost_usd,USD,25451694.82196437,58874727.276409194,33423032.454444826,131.31947671163076
D2,uswc_compound_35pct_delay_168h,20260935,total_cost_usd,USD,25147443.083006445,58636756.220585704,33489313.13757926,133.17184187290155
D2,uswc_compound_35pct_delay_168h,20260906,weighted_mean_delivery_time_h,h,621.6229447704113,834.8594789486003,213.236534178189,34.30319552585776
D2,uswc_compound_35pct_delay_168h,20260907,weighted_mean_delivery_time_h,h,623.3949797234089,835.4113227219552,212.0163429985463,34.009953543837455
D2,uswc_compound_35pct_delay_168h,20260908,weighted_mean_delivery_time_h,h,626.1416425016846,832.9196711749148,206.7780286732302,33.02416172913685
D2,uswc_compound_35pct_delay_168h,20260909,weighted_mean_delivery_time_h,h,623.0041655196293,833.7039970904762,210.69983157084687,33.819971555905795
D2,uswc_compound_35pct_delay_168h,20260910,weighted_mean_delivery_time_h,h,621.8956441583435,834.1190723463824,212.22342818803884,34.12524756870684
D2,uswc_compound_35pct_delay_168h,20260911,weighted_mean_delivery_time_h,h,619.7038403487876,833.4172410644856,213.71340071569796,34.48637668525885
D2,uswc_compound_35pct_delay_168h,20260912,weighted_mean_delivery_time_h,h,619.875972887289,837.4912929798644,217.61532009257542,35.10626796501823
D2,uswc_compound_35pct_delay_168h,20260913,weighted_mean_delivery_time_h,h,617.0197076589014,833.7286853943741,216.70897773547267,35.12188914641166
D2,uswc_compound_35pct_delay_168h,20260914,weighted_mean_delivery_time_h,h,622.6667719625208,835.7322395168054,213.06546755428462,34.21821705416286
D2,uswc_compound_35pct_delay_168h,20260915,weighted_mean_delivery_time_h,h,625.7478888226259,832.3766688412336,206.6287800186077,33.02109103514348
D2,uswc_compound_35pct_delay_168h,20260916,weighted_mean_delivery_time_h,h,625.3024627056179,832.5479805027516,207.24551779713363,33.143243495380474
D2,uswc_compound_35pct_delay_168h,20260917,weighted_mean_delivery_time_h,h,620.5485701489476,834.40108103892,213.85251088997234,34.46184894739862
D2,uswc_compound_35pct_delay_168h,20260918,weighted_mean_delivery_time_h,h,624.7709068181726,833.8335355673935,209.06262874922083,33.46228617045134
D2,uswc_compound_35pct_delay_168h,20260919,weighted_mean_delivery_time_h,h,619.0224339165679,834.5171684188886,215.49473450232063,34.812104165414645
D2,uswc_compound_35pct_delay_168h,20260920,weighted_mean_delivery_time_h,h,623.6831714819521,834.1911258425554,210.50795436060332,33.75238646577703
D2,uswc_compound_35pct_delay_168h,20260921,weighted_mean_delivery_time_h,h,615.5094569568153,833.1901358584889,217.68067890167367,35.36593572061824
D2,uswc_compound_35pct_delay_168h,20260922,weighted_mean_delivery_time_h,h,622.9533985700633,835.3953710057003,212.441972435637,34.10238597674875
D2,uswc_compound_35pct_delay_168h,20260923,weighted_mean_delivery_time_h,h,625.7831359173924,833.4749156390873,207.69177972169484,33.18909823564046
D2,uswc_compound_35pct_delay_168h,20260924,weighted_mean_delivery_time_h,h,623.9093610468125,833.9664204683494,210.0570594215369,33.667880710925274
D2,uswc_compound_35pct_delay_168h,20260925,weighted_mean_delivery_time_h,h,620.6866913464276,832.9789610922143,212.2922697457867,34.20280677925778
D2,uswc_compound_35pct_delay_168h,20260926,weighted_mean_delivery_time_h,h,622.5642416460266,834.0282741348445,211.4640324888179,33.96662036510775
D2,uswc_compound_35pct_delay_168h,20260927,weighted_mean_delivery_time_h,h,620.9217478133452,832.7043700646732,211.782622251328,34.10777976406003
D2,uswc_compound_35pct_delay_168h,20260928,weighted_mean_delivery_time_h,h,623.1456253035512,835.4313024580049,212.28567715445365,34.06678447771233
D2,uswc_compound_35pct_delay_168h,20260929,weighted_mean_delivery_time_h,h,626.0001895462509,835.5712055025829,209.57101595633196,33.47778793936742
D2,uswc_compound_35pct_delay_168h,20260930,weighted_mean_delivery_time_h,h,618.1382253883559,833.9340826171856,215.79585722882973,34.910615193430615
D2,uswc_compound_35pct_delay_168h,20260931,weighted_mean_delivery_time_h,h,614.2157580011346,835.7507538079088,221.5349958067742,36.0679440279624
D2,uswc_compound_35pct_delay_168h,20260932,weighted_mean_delivery_time_h,h,615.724201528769,833.3493252882249,217.62512375945596,35.34457850107548
D2,uswc_compound_35pct_delay_168h,20260933,weighted_mean_delivery_time_h,h,622.7601558250858,833.9319483770662,211.1717925519804,33.909008239649175
D2,uswc_compound_35pct_delay_168h,20260934,weighted_mean_delivery_time_h,h,623.237525470693,833.3409569364998,210.1034314658068,33.71161441332156
D2,uswc_compound_35pct_delay_168h,20260935,weighted_mean_delivery_time_h,h,628.8273123882916,834.7402822453158,205.91296985702422,32.745551250782185
D2,uswc_departure_delay_264h,20260906,total_cost_usd,USD,25278806.236593403,72695383.41608588,47416577.17949248,187.57443186083927
D2,uswc_departure_delay_264h,20260907,total_cost_usd,USD,25123601.95313961,72811074.87783408,47687472.92469447,189.81144906546783
D2,uswc_departure_delay_264h,20260908,total_cost_usd,USD,25276617.754388966,72488389.84597474,47211772.09158578,186.78041718373515
D2,uswc_departure_delay_264h,20260909,total_cost_usd,USD,25222033.63080329,72506263.27524574,47284229.644442454,187.47191577246545
D2,uswc_departure_delay_264h,20260910,total_cost_usd,USD,25220434.03676876,72518508.90559857,47298074.8688298,187.5387029417263
D2,uswc_departure_delay_264h,20260911,total_cost_usd,USD,25494817.407277174,72532443.92959729,47037626.522320114,184.49877781393258
D2,uswc_departure_delay_264h,20260912,total_cost_usd,USD,25360262.129742343,72255512.54252608,46895250.41278374,184.9162685025456
D2,uswc_departure_delay_264h,20260913,total_cost_usd,USD,25391934.626830075,72812754.55052586,47420819.92369579,186.75544270498065
D2,uswc_departure_delay_264h,20260914,total_cost_usd,USD,25332476.476330154,72236094.12430966,46903617.647979505,185.15212159302598
D2,uswc_departure_delay_264h,20260915,total_cost_usd,USD,25163166.756595816,72461748.9722556,47298582.21565978,187.96752679494043
D2,uswc_departure_delay_264h,20260916,total_cost_usd,USD,25266711.35950584,72344761.16060874,47078049.8011029,186.3244057814085
D2,uswc_departure_delay_264h,20260917,total_cost_usd,USD,25373371.706048667,72439146.12185487,47065774.415806204,185.492787324699
D2,uswc_departure_delay_264h,20260918,total_cost_usd,USD,25146315.907751385,72207099.34995382,47060783.442202434,187.14782560930084
D2,uswc_departure_delay_264h,20260919,total_cost_usd,USD,25193293.341905214,72510085.5832587,47316792.24135349,187.81503314871978
D2,uswc_departure_delay_264h,20260920,total_cost_usd,USD,25153932.23040417,72547505.41866583,47393573.18826166,188.414172202372
D2,uswc_departure_delay_264h,20260921,total_cost_usd,USD,25635637.652448915,72425398.90625446,46789761.25380554,182.51842176953153
D2,uswc_departure_delay_264h,20260922,total_cost_usd,USD,25162484.532220487,71858648.06427434,46696163.53205386,185.57850864154358
D2,uswc_departure_delay_264h,20260923,total_cost_usd,USD,25046006.42259322,72415653.6669526,47369647.244359374,189.13054019513746
D2,uswc_departure_delay_264h,20260924,total_cost_usd,USD,25428893.801923327,72242935.00714412,46814041.205220796,184.0978281236913
D2,uswc_departure_delay_264h,20260925,total_cost_usd,USD,25206519.600066766,72346134.02859564,47139614.428528875,187.0135789329837
D2,uswc_departure_delay_264h,20260926,total_cost_usd,USD,25308508.040359497,72676627.27116622,47368119.23080672,187.1628274383806
D2,uswc_departure_delay_264h,20260927,total_cost_usd,USD,25315951.693776637,71885914.58049002,46569962.886713386,183.95501559659547
D2,uswc_departure_delay_264h,20260928,total_cost_usd,USD,25531649.809478123,72503950.64085323,46972300.83137511,183.97675505457372
D2,uswc_departure_delay_264h,20260929,total_cost_usd,USD,25042488.426821988,72509816.42390151,47467327.99707952,189.54716954661424
D2,uswc_departure_delay_264h,20260930,total_cost_usd,USD,25332159.27667016,72907536.26631378,47575376.98964362,187.8062445054122
D2,uswc_departure_delay_264h,20260931,total_cost_usd,USD,25724809.667285755,72657406.54944311,46932596.882157356,182.44098786021942
D2,uswc_departure_delay_264h,20260932,total_cost_usd,USD,25559731.174305983,72579539.35950603,47019808.18520004,183.9604957679167
D2,uswc_departure_delay_264h,20260933,total_cost_usd,USD,25101518.18841451,71845630.0229117,46744111.83449718,186.22025761004255
D2,uswc_departure_delay_264h,20260934,total_cost_usd,USD,25451694.82196437,72738660.22579955,47286965.40383518,185.79102780624007
D2,uswc_departure_delay_264h,20260935,total_cost_usd,USD,25147443.083006445,72407326.1583308,47259883.07532436,187.93116627932858
D2,uswc_departure_delay_264h,20260906,weighted_mean_delivery_time_h,h,621.6229447704113,870.7034918094326,249.08054703902133,40.06939401682094
D2,uswc_departure_delay_264h,20260907,weighted_mean_delivery_time_h,h,623.3949797234089,870.7965205120165,247.40154078860758,39.68616187739849
D2,uswc_departure_delay_264h,20260908,weighted_mean_delivery_time_h,h,626.1416425016846,871.2625583467722,245.12091584508755,39.14783799808173
D2,uswc_departure_delay_264h,20260909,weighted_mean_delivery_time_h,h,623.0041655196293,870.4783413729072,247.47417585327787,39.722716082783656
D2,uswc_departure_delay_264h,20260910,weighted_mean_delivery_time_h,h,621.8956441583435,870.994516739071,249.0988725807274,40.05477042982846
D2,uswc_departure_delay_264h,20260911,weighted_mean_delivery_time_h,h,619.7038403487876,870.769347214268,251.06550686548042,40.51378909063616
D2,uswc_departure_delay_264h,20260912,weighted_mean_delivery_time_h,h,619.875972887289,871.4436194876337,251.5676466003447,40.583545354820004
D2,uswc_departure_delay_264h,20260913,weighted_mean_delivery_time_h,h,617.0197076589014,870.8106542337832,253.7909465748818,41.13174075716582
D2,uswc_departure_delay_264h,20260914,weighted_mean_delivery_time_h,h,622.6667719625208,870.7287174021221,248.06194543960135,39.83863546432064
D2,uswc_departure_delay_264h,20260915,weighted_mean_delivery_time_h,h,625.7478888226259,870.7540097304458,245.00612090781988,39.15412665135961
D2,uswc_departure_delay_264h,20260916,weighted_mean_delivery_time_h,h,625.3024627056179,870.3350760435355,245.0326133379176,39.18625432525682
D2,uswc_departure_delay_264h,20260917,weighted_mean_delivery_time_h,h,620.5485701489476,870.583472524652,250.0349023757044,40.292559584125634
D2,uswc_departure_delay_264h,20260918,weighted_mean_delivery_time_h,h,624.7709068181726,871.1148335730486,246.34392675487595,39.429481121240734
D2,uswc_departure_delay_264h,20260919,weighted_mean_delivery_time_h,h,619.0224339165679,870.9828278515787,251.96039393501076,40.70295035041817
D2,uswc_departure_delay_264h,20260920,weighted_mean_delivery_time_h,h,623.6831714819521,870.3523657363892,246.66919425443712,39.55040083385914
D2,uswc_departure_delay_264h,20260921,weighted_mean_delivery_time_h,h,615.5094569568153,870.9667309220073,255.45727396519203,41.5033873286394
D2,uswc_departure_delay_264h,20260922,weighted_mean_delivery_time_h,h,622.9533985700633,872.1975618547915,249.2441632847282,40.01008162999785
D2,uswc_departure_delay_264h,20260923,weighted_mean_delivery_time_h,h,625.7831359173924,871.1408189035917,245.35768298619928,39.20810084255581
D2,uswc_departure_delay_264h,20260924,weighted_mean_delivery_time_h,h,623.9093610468125,871.5621752083533,247.65281416154085,39.69371668763265
D2,uswc_departure_delay_264h,20260925,weighted_mean_delivery_time_h,h,620.6866913464276,871.1984193214658,250.5117279750383,40.36041556354536
D2,uswc_departure_delay_264h,20260926,weighted_mean_delivery_time_h,h,622.5642416460266,871.3229785382465,248.75873689221987,39.957119322259025
D2,uswc_departure_delay_264h,20260927,weighted_mean_delivery_time_h,h,620.9217478133452,871.1380694749565,250.21632166161135,40.297561253536365
D2,uswc_departure_delay_264h,20260928,weighted_mean_delivery_time_h,h,623.1456253035512,871.4910372942882,248.34541199073692,39.85351126709123
D2,uswc_departure_delay_264h,20260929,weighted_mean_delivery_time_h,h,626.0001895462509,870.4265989491923,244.42640940294143,39.045740478147636
D2,uswc_departure_delay_264h,20260930,weighted_mean_delivery_time_h,h,618.1382253883559,871.0625909393484,252.92436555099255,40.91712098731453
D2,uswc_departure_delay_264h,20260931,weighted_mean_delivery_time_h,h,614.2157580011346,871.6150404967083,257.39928249557363,41.906981242753815
D2,uswc_departure_delay_264h,20260932,weighted_mean_delivery_time_h,h,615.724201528769,870.1199623175451,254.3957607887761,41.31651154155417
D2,uswc_departure_delay_264h,20260933,weighted_mean_delivery_time_h,h,622.7601558250858,870.7971812922066,248.03702546712077,39.82866006231567
D2,uswc_departure_delay_264h,20260934,weighted_mean_delivery_time_h,h,623.237525470693,871.2552140071582,248.01768853646524,39.79505058671696
D2,uswc_departure_delay_264h,20260935,weighted_mean_delivery_time_h,h,628.8273123882916,870.7678961038927,241.94058371560106,38.4748847496316
D2,uswc_departure_delay_288h,20260906,total_cost_usd,USD,25278806.236593403,77948313.65653346,52669507.41994006,208.35440933004222
D2,uswc_departure_delay_288h,20260907,total_cost_usd,USD,25123601.95313961,77969084.27098686,52845482.317847244,210.3419820789006
D2,uswc_departure_delay_288h,20260908,total_cost_usd,USD,25276617.754388966,78036418.67383257,52759800.9194436,208.72967037008945
D2,uswc_departure_delay_288h,20260909,total_cost_usd,USD,25222033.63080329,78177964.62879166,52955930.99798837,209.95900557881302
D2,uswc_departure_delay_288h,20260910,total_cost_usd,USD,25220434.03676876,78116541.52099544,52896107.484226674,209.7351195745072
D2,uswc_departure_delay_288h,20260911,total_cost_usd,USD,25494817.407277174,78139455.23884074,52644637.83156357,206.49152724089257
D2,uswc_departure_delay_288h,20260912,total_cost_usd,USD,25360262.129742343,78514309.61209106,53154047.482348725,209.5958125764403
D2,uswc_departure_delay_288h,20260913,total_cost_usd,USD,25391934.626830075,78292408.22715792,52900473.60032785,208.3357348613808
D2,uswc_departure_delay_288h,20260914,total_cost_usd,USD,25332476.476330154,78255746.86095777,52923270.38462762,208.9147124406783
D2,uswc_departure_delay_288h,20260915,total_cost_usd,USD,25163166.756595816,78394815.47160989,53231648.71501407,211.5459044957483
D2,uswc_departure_delay_288h,20260916,total_cost_usd,USD,25266711.35950584,78046241.99520212,52779530.635696284,208.8895934446157
D2,uswc_departure_delay_288h,20260917,total_cost_usd,USD,25373371.706048667,78035466.35161501,52662094.645566344,207.54866659290857
D2,uswc_departure_delay_288h,20260918,total_cost_usd,USD,25146315.907751385,78136093.2764982,52989777.36874682,210.72580795985564
D2,uswc_departure_delay_288h,20260919,total_cost_usd,USD,25193293.341905214,78286034.82482226,53092741.48291705,210.74156825144152
D2,uswc_departure_delay_288h,20260920,total_cost_usd,USD,25153932.23040417,78413307.91272397,53259375.682319805,211.73379650734648
D2,uswc_departure_delay_288h,20260921,total_cost_usd,USD,25635637.652448915,78113956.6548715,52478319.00242258,204.708459816327
D2,uswc_departure_delay_288h,20260922,total_cost_usd,USD,25162484.532220487,78000533.41003618,52838048.87781569,209.98740728546392
D2,uswc_departure_delay_288h,20260923,total_cost_usd,USD,25046006.42259322,78485436.74485485,53439430.32226163,213.3650747372467
D2,uswc_departure_delay_288h,20260924,total_cost_usd,USD,25428893.801923327,78416977.6662023,52988083.86427898,208.37746335733726
D2,uswc_departure_delay_288h,20260925,total_cost_usd,USD,25206519.600066766,77956747.03251138,52750227.43244462,209.2721576377601
D2,uswc_departure_delay_288h,20260926,total_cost_usd,USD,25308508.040359497,78159534.6215701,52851026.5812106,208.8271125936346
D2,uswc_departure_delay_288h,20260927,total_cost_usd,USD,25315951.693776637,78005114.43265128,52689162.738874644,208.12633621759952
D2,uswc_departure_delay_288h,20260928,total_cost_usd,USD,25531649.809478123,78005830.32449448,52474180.51501636,205.52600754979946
D2,uswc_departure_delay_288h,20260929,total_cost_usd,USD,25042488.426821988,78191268.68168841,53148780.25486642,212.2344207532544
D2,uswc_departure_delay_288h,20260930,total_cost_usd,USD,25332159.27667016,78319724.66557321,52987565.38890305,209.17113622328415
D2,uswc_departure_delay_288h,20260931,total_cost_usd,USD,25724809.667285755,78091122.24731256,52366312.580026805,203.56345977797866
D2,uswc_departure_delay_288h,20260932,total_cost_usd,USD,25559731.174305983,77862807.09652655,52303075.922220565,204.63077473521486
D2,uswc_departure_delay_288h,20260933,total_cost_usd,USD,25101518.18841451,78208300.25356404,53106782.06514953,211.56800822374447
D2,uswc_departure_delay_288h,20260934,total_cost_usd,USD,25451694.82196437,78220189.98327078,52768495.16130641,207.32802090557882
D2,uswc_departure_delay_288h,20260935,total_cost_usd,USD,25147443.083006445,77959089.9863635,52811646.90335706,210.00801842571775
D2,uswc_departure_delay_288h,20260906,weighted_mean_delivery_time_h,h,621.6229447704113,886.0886410060664,264.46569623565506,42.54439101074883
D2,uswc_departure_delay_288h,20260907,weighted_mean_delivery_time_h,h,623.3949797234089,885.8973163104964,262.5023365870875,42.10850987339614
D2,uswc_departure_delay_288h,20260908,weighted_mean_delivery_time_h,h,626.1416425016846,886.010507877664,259.86886537597945,41.50320753906418
D2,uswc_departure_delay_288h,20260909,weighted_mean_delivery_time_h,h,623.0041655196293,886.4533756889997,263.4492101693704,42.28690990366577
D2,uswc_departure_delay_288h,20260910,weighted_mean_delivery_time_h,h,621.8956441583435,887.0760526280321,265.1804084696886,42.64066020732087
D2,uswc_departure_delay_288h,20260911,weighted_mean_delivery_time_h,h,619.7038403487876,886.4154043500937,266.7115640013061,43.038552714340604
D2,uswc_departure_delay_288h,20260912,weighted_mean_delivery_time_h,h,619.875972887289,887.5718748459481,267.6959019586591,43.185397348403725
D2,uswc_departure_delay_288h,20260913,weighted_mean_delivery_time_h,h,617.0197076589014,886.7057329914048,269.6860253325034,43.70784627864597
D2,uswc_departure_delay_288h,20260914,weighted_mean_delivery_time_h,h,622.6667719625208,887.5182427402088,264.85147077768806,42.535025587270276
D2,uswc_departure_delay_288h,20260915,weighted_mean_delivery_time_h,h,625.7478888226259,887.4676758178006,261.7197869951747,41.82511705914226
D2,uswc_departure_delay_288h,20260916,weighted_mean_delivery_time_h,h,625.3024627056179,886.0343233660977,260.7318606604798,41.69691888503373
D2,uswc_departure_delay_288h,20260917,weighted_mean_delivery_time_h,h,620.5485701489476,886.4534607847623,265.9048906358147,42.84997233528242
D2,uswc_departure_delay_288h,20260918,weighted_mean_delivery_time_h,h,624.7709068181726,887.0495407191434,262.2786339009707,41.979969143681934
D2,uswc_departure_delay_288h,20260919,weighted_mean_delivery_time_h,h,619.0224339165679,887.7505473700791,268.7281134535111,43.41169216651208
D2,uswc_departure_delay_288h,20260920,weighted_mean_delivery_time_h,h,623.6831714819521,888.151276676386,264.468105194434,42.40423940989516
D2,uswc_departure_delay_288h,20260921,weighted_mean_delivery_time_h,h,615.5094569568153,887.3616935889951,271.8522366321798,44.16702839567471
D2,uswc_departure_delay_288h,20260922,weighted_mean_delivery_time_h,h,622.9533985700633,885.6760227759268,262.72262420586344,42.17372034712724
D2,uswc_departure_delay_288h,20260923,weighted_mean_delivery_time_h,h,625.7831359173924,887.6809440942703,261.8978081768779,41.85120901235827
D2,uswc_departure_delay_288h,20260924,weighted_mean_delivery_time_h,h,623.9093610468125,888.6216375523438,264.71227650553135,42.428002051674575
D2,uswc_departure_delay_288h,20260925,weighted_mean_delivery_time_h,h,620.6866913464276,886.7704716693162,266.08378032288863,42.86925819944442
D2,uswc_departure_delay_288h,20260926,weighted_mean_delivery_time_h,h,622.5642416460266,886.799474445052,264.2352327990254,42.44304685736553
D2,uswc_departure_delay_288h,20260927,weighted_mean_delivery_time_h,h,620.9217478133452,886.9259338607661,266.00418604742094,42.84021086138285
D2,uswc_departure_delay_288h,20260928,weighted_mean_delivery_time_h,h,623.1456253035512,886.0739828140644,262.92835751051314,42.19372596613088
D2,uswc_departure_delay_288h,20260929,weighted_mean_delivery_time_h,h,626.0001895462509,886.2744882262432,260.2742986799923,41.577351417201506
D2,uswc_departure_delay_288h,20260930,weighted_mean_delivery_time_h,h,618.1382253883559,887.9456647986927,269.8074394103369,43.64839906815757
D2,uswc_departure_delay_288h,20260931,weighted_mean_delivery_time_h,h,614.2157580011346,886.3580632980294,272.14230529689473,44.30728156218877
D2,uswc_departure_delay_288h,20260932,weighted_mean_delivery_time_h,h,615.724201528769,885.6766950708075,269.9524935420385,43.84308638052216
D2,uswc_departure_delay_288h,20260933,weighted_mean_delivery_time_h,h,622.7601558250858,886.3680849456447,263.6079291205589,42.32896511680465
D2,uswc_departure_delay_288h,20260934,weighted_mean_delivery_time_h,h,623.237525470693,887.9602816675743,264.7227561968814,42.47541994473978
D2,uswc_departure_delay_288h,20260935,weighted_mean_delivery_time_h,h,628.8273123882916,886.8849817465486,258.05766935825704,41.037923174512215
D2,uswc_departure_delay_312h,20260906,total_cost_usd,USD,25278806.236593403,83077301.04865317,57798494.81205977,228.6440833918459
D2,uswc_departure_delay_312h,20260907,total_cost_usd,USD,25123601.95313961,83130045.43372467,58006443.48058506,230.88426408274708
D2,uswc_departure_delay_312h,20260908,total_cost_usd,USD,25276617.754388966,83042408.72297071,57765790.96858174,228.53449591194394
D2,uswc_departure_delay_312h,20260909,total_cost_usd,USD,25222033.63080329,83004309.37948863,57782275.748685345,229.09443621594698
D2,uswc_departure_delay_312h,20260910,total_cost_usd,USD,25220434.03676876,82991294.28768197,57770860.2509132,229.06370352980173
D2,uswc_departure_delay_312h,20260911,total_cost_usd,USD,25494817.407277174,83161106.5455671,57666289.13828992,226.1882806104342
D2,uswc_departure_delay_312h,20260912,total_cost_usd,USD,25360262.129742343,83150296.90163414,57790034.7718918,227.87633060036885
D2,uswc_departure_delay_312h,20260913,total_cost_usd,USD,25391934.626830075,83079453.68836789,57687519.06153782,227.18835689102244
D2,uswc_departure_delay_312h,20260914,total_cost_usd,USD,25332476.476330154,83032170.5668239,57699694.090493746,227.7696542791877
D2,uswc_departure_delay_312h,20260915,total_cost_usd,USD,25163166.756595816,83149353.55352996,57986186.79693414,230.440736485342
D2,uswc_departure_delay_312h,20260916,total_cost_usd,USD,25266711.35950584,82945224.03710312,57678512.67759728,228.27867013210437
D2,uswc_departure_delay_312h,20260917,total_cost_usd,USD,25373371.706048667,83076358.80057251,57702987.09452385,227.415527439612
D2,uswc_departure_delay_312h,20260918,total_cost_usd,USD,25146315.907751385,83173525.7582313,58027209.850479916,230.75829502560632
D2,uswc_departure_delay_312h,20260919,total_cost_usd,USD,25193293.341905214,83019714.62646325,57826421.284558035,229.5310124793116
D2,uswc_departure_delay_312h,20260920,total_cost_usd,USD,25153932.23040417,83209158.58664547,58055226.3562413,230.79980427898482
D2,uswc_departure_delay_312h,20260921,total_cost_usd,USD,25635637.652448915,83094251.54354896,57458613.89110004,224.13569215670026
D2,uswc_departure_delay_312h,20260922,total_cost_usd,USD,25162484.532220487,83098938.90849234,57936454.37627186,230.24933925775255
D2,uswc_departure_delay_312h,20260923,total_cost_usd,USD,25046006.42259322,83201845.96682474,58155839.54423152,232.19605777858044
D2,uswc_departure_delay_312h,20260924,total_cost_usd,USD,25428893.801923327,83179070.5929278,57750176.79100447,227.10455767697022
D2,uswc_departure_delay_312h,20260925,total_cost_usd,USD,25206519.600066766,83148925.3989129,57942405.79884614,229.87071090406573
D2,uswc_departure_delay_312h,20260926,total_cost_usd,USD,25308508.040359497,83050579.30202559,57742071.26166609,228.15280604287207
D2,uswc_departure_delay_312h,20260927,total_cost_usd,USD,25315951.693776637,83222261.01950662,57906309.32572998,228.73447550448975
D2,uswc_departure_delay_312h,20260928,total_cost_usd,USD,25531649.809478123,83080063.38888334,57548413.57940522,225.40029339600883
D2,uswc_departure_delay_312h,20260929,total_cost_usd,USD,25042488.426821988,83163590.83372706,58121102.40690507,232.0899641293392
D2,uswc_departure_delay_312h,20260930,total_cost_usd,USD,25332159.27667016,83189082.00108291,57856922.724412754,228.39317443300823
D2,uswc_departure_delay_312h,20260931,total_cost_usd,USD,25724809.667285755,83094234.4223809,57369424.75509514,223.01204750234496
D2,uswc_departure_delay_312h,20260932,total_cost_usd,USD,25559731.174305983,82992294.27983546,57432563.10552948,224.6994020158701
D2,uswc_departure_delay_312h,20260933,total_cost_usd,USD,25101518.18841451,83024479.47897242,57922961.290557906,230.7548127399401
D2,uswc_departure_delay_312h,20260934,total_cost_usd,USD,25451694.82196437,83080444.98459671,57628750.162632346,226.4240183836392
D2,uswc_departure_delay_312h,20260935,total_cost_usd,USD,25147443.083006445,83041799.64831251,57894356.56530607,230.2196544364726
D2,uswc_departure_delay_312h,20260906,weighted_mean_delivery_time_h,h,621.6229447704113,902.2417960075238,280.6188512371125,45.14293650160477
D2,uswc_departure_delay_312h,20260907,weighted_mean_delivery_time_h,h,623.3949797234089,902.6810669205971,279.2860871971882,44.80082392083158
D2,uswc_departure_delay_312h,20260908,weighted_mean_delivery_time_h,h,626.1416425016846,902.5559581891316,276.414315687447,44.145652824345305
D2,uswc_departure_delay_312h,20260909,weighted_mean_delivery_time_h,h,623.0041655196293,902.7537298730279,279.74956435339857,44.90332165276419
D2,uswc_departure_delay_312h,20260910,weighted_mean_delivery_time_h,h,621.8956441583435,902.1308153402098,280.23517118186624,45.06144621114509
D2,uswc_departure_delay_312h,20260911,weighted_mean_delivery_time_h,h,619.7038403487876,902.836537994947,283.1326976461594,45.68838842225085
D2,uswc_departure_delay_312h,20260912,weighted_mean_delivery_time_h,h,619.875972887289,902.8147701419038,282.93879725461477,45.64442075996726
D2,uswc_departure_delay_312h,20260913,weighted_mean_delivery_time_h,h,617.0197076589014,903.2584226347783,286.23871497587686,46.39053038709653
D2,uswc_departure_delay_312h,20260914,weighted_mean_delivery_time_h,h,622.6667719625208,902.9867653364173,280.3199933738965,45.01926327149016
D2,uswc_departure_delay_312h,20260915,weighted_mean_delivery_time_h,h,625.7478888226259,903.575189991087,277.8273011684611,44.39923907553348
D2,uswc_departure_delay_312h,20260916,weighted_mean_delivery_time_h,h,625.3024627056179,902.4366293004596,277.13416659484164,44.32001841088412
D2,uswc_departure_delay_312h,20260917,weighted_mean_delivery_time_h,h,620.5485701489476,902.0954091572165,281.5468390082689,45.37063697378118
D2,uswc_departure_delay_312h,20260918,weighted_mean_delivery_time_h,h,624.7709068181726,903.5386310347816,278.76772421660894,44.61919099855571
D2,uswc_departure_delay_312h,20260919,weighted_mean_delivery_time_h,h,619.0224339165679,902.4394000523585,283.4169661357905,45.784603369316585
D2,uswc_departure_delay_312h,20260920,weighted_mean_delivery_time_h,h,623.6831714819521,903.9467610957296,280.2635896137775,44.93685294535604
D2,uswc_departure_delay_312h,20260921,weighted_mean_delivery_time_h,h,615.5094569568153,902.3467294569665,286.83727250015124,46.60160282805793
D2,uswc_departure_delay_312h,20260922,weighted_mean_delivery_time_h,h,622.9533985700633,902.4359390753992,279.4825405053359,44.86411682589169
D2,uswc_departure_delay_312h,20260923,weighted_mean_delivery_time_h,h,625.7831359173924,902.6885789431328,276.9054430257404,44.24942558092421
D2,uswc_departure_delay_312h,20260924,weighted_mean_delivery_time_h,h,623.9093610468125,903.6987016486631,279.78934060185065,44.844549235871746
D2,uswc_departure_delay_312h,20260925,weighted_mean_delivery_time_h,h,620.6866913464276,903.9302044717147,283.2435131252871,45.63389501889589
D2,uswc_departure_delay_312h,20260926,weighted_mean_delivery_time_h,h,622.5642416460266,901.8733374295607,279.3090957835341,44.86430107920361
D2,uswc_departure_delay_312h,20260927,weighted_mean_delivery_time_h,h,620.9217478133452,903.4442992823703,282.5225514690251,45.50050831106562
D2,uswc_departure_delay_312h,20260928,weighted_mean_delivery_time_h,h,623.1456253035512,902.2955144081055,279.1498891045543,44.79689462131307
D2,uswc_departure_delay_312h,20260929,weighted_mean_delivery_time_h,h,626.0001895462509,903.2813803186349,277.281190772384,44.294106519898676
D2,uswc_departure_delay_312h,20260930,weighted_mean_delivery_time_h,h,618.1382253883559,902.9581849851737,284.81995959681785,46.077066244831386
D2,uswc_departure_delay_312h,20260931,weighted_mean_delivery_time_h,h,614.2157580011346,903.4472556421898,289.23149764105517,47.08955995891608
D2,uswc_departure_delay_312h,20260932,weighted_mean_delivery_time_h,h,615.724201528769,902.7994760157351,287.0752744869661,46.62400369746598
D2,uswc_departure_delay_312h,20260933,weighted_mean_delivery_time_h,h,622.7601558250858,902.553148779464,279.7929929543782,44.927889226259914
D2,uswc_departure_delay_312h,20260934,weighted_mean_delivery_time_h,h,623.237525470693,903.1305228033593,279.89299733266637,44.90952259674679
D2,uswc_departure_delay_312h,20260935,weighted_mean_delivery_time_h,h,628.8273123882916,902.5911164330768,273.76380404478516,43.53560964218107
