solution_id,allocation_id,shipment_id,quantity_feu,arc_ids
D1_pilot_baseline_001,1,D1-01,42.26903586128875,cn-d-01|sea-01|us-r-01
D1_pilot_baseline_001,2,D1-01,10.249590617376574,cn-r-01|sea-01|us-d-01
D1_pilot_baseline_001,3,D1-01,7.481373521334675,cn-d-01|sea-01|us-d-01
D1_pilot_baseline_001,4,D1-02,49.89927889199182,cn-r-01|sea-01|us-r-01
D1_pilot_baseline_001,5,D1-02,2.1120864234734804,cn-d-01|sea-01|us-r-01
D1_pilot_baseline_001,6,D1-02,2.988634684534702,cn-d-01|sea-03|us-r-04
D1_pilot_baseline_001,7,D1-03,12.663491683295547,cn-r-01|sea-01|us-r-01
D1_pilot_baseline_001,8,D1-03,21.99918396598989,cn-d-01|sea-01|us-r-01
D1_pilot_baseline_001,9,D1-03,15.337324350714567,cn-r-01|sea-01|us-d-01
D1_pilot_baseline_001,10,D1-04,15.71079420366038,cn-r-01|sea-01|us-r-01
D1_pilot_baseline_001,11,D1-04,16.979065569945117,cn-d-01|sea-01|us-r-01
D1_pilot_baseline_001,12,D1-04,14.810140226394502,cn-d-01|sea-01|us-d-01
D1_pilot_baseline_001,13,D1-05,12.573591638340213,cn-r-01|sea-01|us-r-01
D1_pilot_baseline_001,14,D1-05,39.28516635643638,cn-r-02|sea-04|us-r-04
D1_pilot_baseline_001,15,D1-05,13.141242005223411,cn-d-01|sea-01|us-r-01
D1_pilot_baseline_001,16,D1-06,16.110903785126883,cn-r-01|sea-01|us-r-01
D1_pilot_baseline_001,17,D1-06,31.823696689376003,cn-r-02|sea-04|us-r-04
D1_pilot_baseline_001,18,D1-06,9.565399525497114,cn-d-02|sea-04|us-r-04
D1_pilot_baseline_001,19,D1-07,17.785280219507776,cn-r-01|sea-01|us-r-01
D1_pilot_baseline_001,20,D1-07,3.2084624498227132,cn-r-01|sea-03|us-r-04
D1_pilot_baseline_001,21,D1-07,31.506257330669513,cn-r-02|sea-04|us-r-04
D1_pilot_baseline_001,22,D1-08,30.815473259923692,cn-r-01|sea-03|us-r-04
D1_pilot_baseline_001,23,D1-08,9.775541143034372,cn-d-01|sea-01|us-r-01
D1_pilot_baseline_001,24,D1-08,4.408985597041934,cn-d-01|sea-03|us-r-04
D1_pilot_baseline_001,25,D1-09,54.1951729293973,cn-r-01|sea-03|us-r-04
D1_pilot_baseline_001,26,D1-09,2.66746375400545,cn-d-01|sea-03|us-r-04
D1_pilot_baseline_001,27,D1-09,5.637363316597245,cn-d-02|sea-04|us-r-04
D1_pilot_baseline_001,28,D1-10,3.2079457302958527,cn-r-02|sea-04|us-r-04
D1_pilot_baseline_001,29,D1-10,28.278000267771198,cn-d-01|sea-01|us-r-01
D1_pilot_baseline_001,30,D1-10,38.51405400193295,cn-d-01|sea-03|us-r-04
D1_pilot_baseline_001,31,D1-11,23.257444900177855,cn-r-01|sea-03|us-r-04
D1_pilot_baseline_001,32,D1-11,16.60512782508714,cn-d-02|sea-04|us-r-04
D1_pilot_baseline_001,33,D1-11,0.6374272747350034,cn-r-01|sea-05|us-d-07
D1_pilot_baseline_001,34,D1-12,55.579427449174666,cn-r-01|sea-01|us-r-01
D1_pilot_baseline_001,35,D1-12,4.700050721886882,cn-d-01|sea-01|us-r-01
D1_pilot_baseline_001,36,D1-12,2.220521828938452,cn-r-01|sea-01|us-d-01
D1_pilot_baseline_001,37,D1-13,27.795322982081657,cn-r-01|sea-01|us-r-01
D1_pilot_baseline_001,38,D1-13,35.63976479164609,cn-d-01|sea-01|us-r-01
D1_pilot_baseline_001,39,D1-13,2.0649122262722557,cn-d-01|sea-01|us-d-01
D1_pilot_baseline_001,40,D1-14,16.38321542231962,cn-r-01|sea-01|us-r-01
D1_pilot_baseline_001,41,D1-14,26.57897195647099,cn-r-02|sea-04|us-r-04
D1_pilot_baseline_001,42,D1-14,2.5378126212093903,cn-d-02|sea-04|us-r-04
D1_pilot_baseline_001,43,D1-15,43.42246506298543,cn-r-01|sea-01|us-r-01
D1_pilot_baseline_001,44,D1-15,4.161889595771942,cn-r-01|sea-03|us-r-04
D1_pilot_baseline_001,45,D1-15,13.415645341242623,cn-r-02|sea-04|us-r-04
D1_pilot_baseline_001,46,D1-16,31.842198340476713,cn-r-01|sea-01|us-r-01
D1_pilot_baseline_001,47,D1-16,29.330424507483944,cn-r-02|sea-04|us-r-04
D1_pilot_baseline_001,48,D1-16,1.8273771520393467,cn-d-01|sea-01|us-r-01
D1_pilot_baseline_001,49,D1-17,13.262250471063906,cn-r-01|sea-01|us-r-01
D1_pilot_baseline_001,50,D1-17,7.1820595091687665,cn-d-01|sea-01|us-r-01
D1_pilot_baseline_001,51,D1-17,24.555690019767326,cn-r-01|sea-01|us-d-01
D1_pilot_baseline_001,52,D1-18,2.8969478797810773,cn-r-01|sea-01|us-r-01
D1_pilot_baseline_001,53,D1-18,14.569529940810156,cn-r-01|sea-03|us-r-04
D1_pilot_baseline_001,54,D1-18,32.03352217940876,cn-d-01|sea-01|us-r-01
D1_pilot_baseline_001,55,D1-19,24.407976670951655,cn-r-01|sea-01|us-r-01
D1_pilot_baseline_001,56,D1-19,45.40826552895627,cn-r-02|sea-04|us-r-04
D1_pilot_baseline_001,57,D1-19,5.183757800092081,cn-r-01|sea-01|us-d-01
D1_pilot_baseline_001,58,D1-20,21.15700459059647,cn-r-02|sea-04|us-r-04
D1_pilot_baseline_001,59,D1-20,20.199514376024627,cn-d-01|sea-01|us-r-01
D1_pilot_baseline_001,60,D1-20,10.143481033378904,cn-d-02|sea-04|us-r-04
D1_pilot_baseline_001,61,D1-21,15.571584816719445,cn-r-01|sea-03|us-r-04
D1_pilot_baseline_001,62,D1-21,30.351738899440956,cn-d-01|sea-01|us-r-01
D1_pilot_baseline_001,63,D1-21,27.076676283839596,cn-d-01|sea-03|us-r-04
D1_pilot_baseline_001,64,D1-22,27.729400669040473,cn-r-01|sea-01|us-r-01
D1_pilot_baseline_001,65,D1-22,13.788073342369206,cn-r-02|sea-04|us-r-04
D1_pilot_baseline_001,66,D1-22,5.482525988590325,cn-r-01|sea-01|us-d-01
D1_pilot_baseline_001,67,D1-23,5.7482399696863045,cn-r-01|sea-01|us-r-01
D1_pilot_baseline_001,68,D1-23,53.04039862375613,cn-r-02|sea-04|us-r-04
D1_pilot_baseline_001,69,D1-23,2.2113614065575646,cn-d-01|sea-01|us-r-01
D1_pilot_baseline_001,70,D1-24,4.616919529979597,cn-r-02|sea-04|us-r-04
D1_pilot_baseline_001,71,D1-24,14.18290134092535,cn-d-01|sea-01|us-r-01
D1_pilot_baseline_001,72,D1-24,35.200179129095055,cn-d-02|sea-04|us-r-04
D1_pilot_baseline_001,73,D1-25,4.559825928460973,cn-r-01|sea-01|us-r-01
D1_pilot_baseline_001,74,D1-25,5.225248862559317,cn-r-02|sea-04|us-r-04
D1_pilot_baseline_001,75,D1-25,33.71492520897971,cn-d-01|sea-01|us-r-01
D1_pilot_baseline_001,76,D1-26,4.041351996965433,cn-r-01|sea-03|us-r-04
D1_pilot_baseline_001,77,D1-26,25.96118916511288,cn-r-02|sea-04|us-r-04
D1_pilot_baseline_001,78,D1-26,26.497458837921688,cn-d-02|sea-04|us-r-04
D1_pilot_baseline_001,79,D1-27,0.7917222719375145,cn-r-01|sea-03|us-r-04
D1_pilot_baseline_001,80,D1-27,20.776326548665228,cn-r-02|sea-04|us-r-04
D1_pilot_baseline_001,81,D1-27,52.93195117939726,cn-d-02|sea-04|us-r-04
D1_pilot_baseline_001,82,D1-28,18.42747493887233,cn-r-01|sea-01|us-r-01
D1_pilot_baseline_001,83,D1-28,31.87756220969698,cn-d-02|sea-04|us-r-04
D1_pilot_baseline_001,84,D1-28,2.194962851430688,cn-r-01|sea-01|us-d-01
D1_pilot_baseline_001,85,D1-29,20.252028220910496,cn-r-02|sea-04|us-r-04
D1_pilot_baseline_001,86,D1-29,1.6863376839374546,cn-d-01|sea-01|us-r-01
D1_pilot_baseline_001,87,D1-29,19.061634095152048,cn-d-01|sea-03|us-r-04
D1_pilot_baseline_001,88,D1-30,57.72074683859433,cn-r-01|sea-01|us-r-01
D1_pilot_baseline_001,89,D1-30,7.869222207190055,cn-d-01|sea-01|us-r-01
D1_pilot_baseline_001,90,D1-30,2.410030954215614,cn-d-01|sea-01|us-d-01
D1_pilot_baseline_001,91,D1-31,3.5816113350457703,cn-r-01|sea-01|us-r-01
D1_pilot_baseline_001,92,D1-31,29.360191226250965,cn-r-02|sea-04|us-r-04
D1_pilot_baseline_001,93,D1-31,33.55819743870327,cn-d-01|sea-01|us-r-01
D1_pilot_baseline_001,94,D1-32,15.117221878420581,cn-r-01|sea-03|us-r-04
D1_pilot_baseline_001,95,D1-32,22.729687978575598,cn-d-01|sea-03|us-r-04
D1_pilot_baseline_001,96,D1-32,8.153090143003823,cn-d-02|sea-04|us-r-04
D1_pilot_baseline_001,97,D1-33,2.0652779692359617,cn-r-01|sea-01|us-r-01
D1_pilot_baseline_001,98,D1-33,38.87799305139822,cn-d-01|sea-01|us-r-01
D1_pilot_baseline_001,99,D1-33,8.056728979365815,cn-d-02|sea-04|us-r-04
D1_pilot_baseline_001,100,D1-34,46.065216168903234,cn-r-02|sea-04|us-r-04
D1_pilot_baseline_001,101,D1-34,2.626879670559055,cn-d-01|sea-03|us-r-04
D1_pilot_baseline_001,102,D1-34,4.30790416053771,cn-d-01|sea-01|us-d-01
D1_pilot_baseline_001,103,D1-35,13.982272729246368,cn-r-02|sea-04|us-r-04
D1_pilot_baseline_001,104,D1-35,29.041415524781577,cn-d-01|sea-01|us-r-01
D1_pilot_baseline_001,105,D1-35,14.976311745972055,cn-d-02|sea-04|us-r-04
D1_pilot_baseline_001,106,D1-36,30.132441331267426,cn-d-01|sea-01|us-r-01
D1_pilot_baseline_001,107,D1-36,0.39576218398517227,cn-d-01|sea-03|us-r-04
D1_pilot_baseline_001,108,D1-36,19.9717964847474,cn-r-01|sea-01|us-d-01
D1_pilot_baseline_001,109,D1-37,24.87381007566015,cn-r-01|sea-01|us-r-01
D1_pilot_baseline_001,110,D1-37,12.85190918217144,cn-r-01|sea-03|us-r-04
D1_pilot_baseline_001,111,D1-37,3.274280742168415,cn-d-01|sea-01|us-r-01
D1_pilot_baseline_001,112,D1-38,15.65625546106558,cn-r-01|sea-01|us-r-01
D1_pilot_baseline_001,113,D1-38,1.8022686836154276,cn-r-01|sea-03|us-r-04
D1_pilot_baseline_001,114,D1-38,24.541475855318993,cn-r-02|sea-04|us-r-04
D1_pilot_baseline_001,115,D1-39,19.495878177973584,cn-r-01|sea-01|us-r-01
D1_pilot_baseline_001,116,D1-39,16.06152618028133,cn-r-01|sea-03|us-r-04
D1_pilot_baseline_001,117,D1-39,34.442595641745086,cn-d-02|sea-04|us-r-04
D1_pilot_baseline_001,118,D1-40,10.896496871856309,cn-r-02|sea-04|us-r-04
D1_pilot_baseline_001,119,D1-40,3.5574761923641067,cn-d-01|sea-01|us-r-01
D1_pilot_baseline_001,120,D1-40,42.04602693577959,cn-d-02|sea-04|us-r-04
D1_pilot_baseline_002,1,D1-01,43.090025614317824,cn-d-01|sea-01|us-r-01
D1_pilot_baseline_002,2,D1-01,10.332729340708893,cn-r-01|sea-01|us-d-01
D1_pilot_baseline_002,3,D1-01,6.5772450449732816,cn-d-01|sea-01|us-d-01
D1_pilot_baseline_002,4,D1-02,49.95225009131616,cn-r-01|sea-01|us-r-01
D1_pilot_baseline_002,5,D1-02,2.082382385210764,cn-d-01|sea-01|us-r-01
D1_pilot_baseline_002,6,D1-02,2.965367523473077,cn-d-01|sea-03|us-r-04
D1_pilot_baseline_002,7,D1-03,13.594244462129632,cn-r-01|sea-01|us-r-01
D1_pilot_baseline_002,8,D1-03,29.900702191927174,cn-d-01|sea-01|us-r-01
D1_pilot_baseline_002,9,D1-03,6.505053345943196,cn-r-01|sea-01|us-d-01
D1_pilot_baseline_002,10,D1-04,15.849313852495941,cn-r-01|sea-01|us-r-01
D1_pilot_baseline_002,11,D1-04,16.98757726059653,cn-d-01|sea-01|us-r-01
D1_pilot_baseline_002,12,D1-04,14.66310888690753,cn-d-01|sea-01|us-d-01
D1_pilot_baseline_002,13,D1-05,14.406576558588881,cn-r-01|sea-01|us-r-01
D1_pilot_baseline_002,14,D1-05,38.20143766283148,cn-r-02|sea-04|us-r-04
D1_pilot_baseline_002,15,D1-05,12.391985778579638,cn-d-01|sea-01|us-r-01
D1_pilot_baseline_002,16,D1-06,16.023673858250387,cn-r-01|sea-01|us-r-01
D1_pilot_baseline_002,17,D1-06,32.287500174244485,cn-r-02|sea-04|us-r-04
D1_pilot_baseline_002,18,D1-06,9.188825967505124,cn-d-02|sea-04|us-r-04
D1_pilot_baseline_002,19,D1-07,16.578190719550918,cn-r-01|sea-01|us-r-01
D1_pilot_baseline_002,20,D1-07,2.3863730464071704,cn-r-01|sea-03|us-r-04
D1_pilot_baseline_002,21,D1-07,33.53543623404191,cn-r-02|sea-04|us-r-04
D1_pilot_baseline_002,22,D1-08,30.834204891005438,cn-r-01|sea-03|us-r-04
D1_pilot_baseline_002,23,D1-08,9.962427892031098,cn-d-01|sea-01|us-r-01
D1_pilot_baseline_002,24,D1-08,4.203367216963464,cn-d-01|sea-03|us-r-04
D1_pilot_baseline_002,25,D1-09,53.583503074732384,cn-r-01|sea-03|us-r-04
D1_pilot_baseline_002,26,D1-09,3.291743389451895,cn-d-01|sea-03|us-r-04
D1_pilot_baseline_002,27,D1-09,5.624753535815721,cn-d-02|sea-04|us-r-04
D1_pilot_baseline_002,28,D1-10,6.1366257374556215,cn-r-02|sea-04|us-r-04
D1_pilot_baseline_002,29,D1-10,27.470226664141297,cn-d-01|sea-01|us-r-01
D1_pilot_baseline_002,30,D1-10,36.39314759840308,cn-d-01|sea-03|us-r-04
D1_pilot_baseline_002,31,D1-11,23.171857497083106,cn-r-01|sea-03|us-r-04
D1_pilot_baseline_002,32,D1-11,16.510756387888463,cn-d-02|sea-04|us-r-04
D1_pilot_baseline_002,33,D1-11,0.8173861150284267,cn-d-01|sea-01|us-d-01
D1_pilot_baseline_002,34,D1-12,59.62379545938522,cn-r-01|sea-01|us-r-01
D1_pilot_baseline_002,35,D1-12,1.840225523599216,cn-d-01|sea-01|us-r-01
D1_pilot_baseline_002,36,D1-12,1.0359790170155634,cn-r-01|sea-01|us-d-01
D1_pilot_baseline_002,37,D1-13,25.886887070018382,cn-r-01|sea-01|us-r-01
D1_pilot_baseline_002,38,D1-13,36.04674826744838,cn-d-01|sea-01|us-r-01
D1_pilot_baseline_002,39,D1-13,3.566364662533239,cn-d-01|sea-01|us-d-01
D1_pilot_baseline_002,40,D1-14,16.930772972693212,cn-r-01|sea-01|us-r-01
D1_pilot_baseline_002,41,D1-14,25.904309972156216,cn-r-02|sea-04|us-r-04
D1_pilot_baseline_002,42,D1-14,2.6649170551505676,cn-d-02|sea-04|us-r-04
D1_pilot_baseline_002,43,D1-15,43.346846567727766,cn-r-01|sea-01|us-r-01
D1_pilot_baseline_002,44,D1-15,4.239252401531456,cn-r-01|sea-03|us-r-04
D1_pilot_baseline_002,45,D1-15,13.413901030740774,cn-r-02|sea-04|us-r-04
D1_pilot_baseline_002,46,D1-16,31.936684093273527,cn-r-01|sea-01|us-r-01
D1_pilot_baseline_002,47,D1-16,29.10778959090152,cn-r-02|sea-04|us-r-04
D1_pilot_baseline_002,48,D1-16,1.9555263158249545,cn-d-01|sea-01|us-r-01
D1_pilot_baseline_002,49,D1-17,14.86436643081755,cn-r-01|sea-01|us-r-01
D1_pilot_baseline_002,50,D1-17,6.8197011541692305,cn-d-01|sea-01|us-r-01
D1_pilot_baseline_002,51,D1-17,23.315932415013222,cn-r-01|sea-01|us-d-01
D1_pilot_baseline_002,52,D1-18,2.7214813625682512,cn-r-01|sea-01|us-r-01
D1_pilot_baseline_002,53,D1-18,14.607355607546715,cn-r-01|sea-03|us-r-04
D1_pilot_baseline_002,54,D1-18,32.17116302988504,cn-d-01|sea-01|us-r-01
D1_pilot_baseline_002,55,D1-19,24.513039840637134,cn-r-01|sea-01|us-r-01
D1_pilot_baseline_002,56,D1-19,45.590055099398406,cn-r-02|sea-04|us-r-04
D1_pilot_baseline_002,57,D1-19,4.8969050599644675,cn-r-01|sea-01|us-d-01
D1_pilot_baseline_002,58,D1-20,3.475203783208687,cn-r-02|sea-04|us-r-04
D1_pilot_baseline_002,59,D1-20,29.744139080056023,cn-d-01|sea-01|us-r-01
D1_pilot_baseline_002,60,D1-20,18.280657136735293,cn-d-02|sea-04|us-r-04
D1_pilot_baseline_002,61,D1-21,15.073785641508948,cn-r-01|sea-03|us-r-04
D1_pilot_baseline_002,62,D1-21,30.61076959611658,cn-d-01|sea-01|us-r-01
D1_pilot_baseline_002,63,D1-21,27.31544476237447,cn-d-01|sea-03|us-r-04
D1_pilot_baseline_002,64,D1-22,14.390522221585988,cn-r-01|sea-01|us-r-01
D1_pilot_baseline_002,65,D1-22,25.058225778896254,cn-r-02|sea-04|us-r-04
D1_pilot_baseline_002,66,D1-22,7.55125199951776,cn-d-01|sea-01|us-r-01
D1_pilot_baseline_002,67,D1-23,5.71835695028265,cn-r-01|sea-01|us-r-01
D1_pilot_baseline_002,68,D1-23,53.10778144496502,cn-r-02|sea-04|us-r-04
D1_pilot_baseline_002,69,D1-23,2.1738616047523323,cn-d-01|sea-01|us-r-01
D1_pilot_baseline_002,70,D1-24,4.8807846861761925,cn-r-02|sea-04|us-r-04
D1_pilot_baseline_002,71,D1-24,11.41697920822777,cn-d-01|sea-01|us-r-01
D1_pilot_baseline_002,72,D1-24,37.702236105596036,cn-d-02|sea-04|us-r-04
D1_pilot_baseline_002,73,D1-25,5.04030547434586,cn-r-01|sea-01|us-r-01
D1_pilot_baseline_002,74,D1-25,6.749964924519299,cn-r-02|sea-04|us-r-04
D1_pilot_baseline_002,75,D1-25,31.70972960113484,cn-d-01|sea-01|us-r-01
D1_pilot_baseline_002,76,D1-26,3.7316244050896286,cn-r-01|sea-03|us-r-04
D1_pilot_baseline_002,77,D1-26,26.233107580969545,cn-r-02|sea-04|us-r-04
D1_pilot_baseline_002,78,D1-26,26.535268013940826,cn-d-02|sea-04|us-r-04
D1_pilot_baseline_002,79,D1-27,0.6807392613670551,cn-r-01|sea-03|us-r-04
D1_pilot_baseline_002,80,D1-27,20.81518774191037,cn-r-02|sea-04|us-r-04
D1_pilot_baseline_002,81,D1-27,53.00407299672257,cn-d-02|sea-04|us-r-04
D1_pilot_baseline_002,82,D1-28,18.418610127880253,cn-r-01|sea-01|us-r-01
D1_pilot_baseline_002,83,D1-28,31.860866579107565,cn-d-02|sea-04|us-r-04
D1_pilot_baseline_002,84,D1-28,2.220523293012178,cn-r-01|sea-01|us-d-01
D1_pilot_baseline_002,85,D1-29,0.41178743852737015,cn-r-01|sea-03|us-r-04
D1_pilot_baseline_002,86,D1-29,20.87745974826942,cn-r-02|sea-04|us-r-04
D1_pilot_baseline_002,87,D1-29,19.71075281320321,cn-d-01|sea-03|us-r-04
D1_pilot_baseline_002,88,D1-30,58.01074466007349,cn-r-01|sea-01|us-r-01
D1_pilot_baseline_002,89,D1-30,7.625690392976359,cn-d-01|sea-01|us-r-01
D1_pilot_baseline_002,90,D1-30,2.3635649469501487,cn-d-01|sea-01|us-d-01
D1_pilot_baseline_002,91,D1-31,3.495923086297244,cn-r-01|sea-01|us-r-01
D1_pilot_baseline_002,92,D1-31,29.417374853244517,cn-r-02|sea-04|us-r-04
D1_pilot_baseline_002,93,D1-31,33.58670206045824,cn-d-01|sea-01|us-r-01
D1_pilot_baseline_002,94,D1-32,11.779464475957319,cn-r-01|sea-03|us-r-04
D1_pilot_baseline_002,95,D1-32,25.361819347524804,cn-d-01|sea-03|us-r-04
D1_pilot_baseline_002,96,D1-32,8.858716176517873,cn-d-02|sea-04|us-r-04
D1_pilot_baseline_002,97,D1-33,36.69852942811792,cn-d-01|sea-01|us-r-01
D1_pilot_baseline_002,98,D1-33,8.971058977760059,cn-d-02|sea-04|us-r-04
D1_pilot_baseline_002,99,D1-33,3.330411594122019,cn-d-01|sea-01|us-d-01
D1_pilot_baseline_002,100,D1-34,45.87535991147274,cn-r-02|sea-04|us-r-04
D1_pilot_baseline_002,101,D1-34,2.819486551755293,cn-d-01|sea-03|us-r-04
D1_pilot_baseline_002,102,D1-34,4.305153536771968,cn-d-01|sea-01|us-d-01
D1_pilot_baseline_002,103,D1-35,15.39697367793168,cn-r-02|sea-04|us-r-04
D1_pilot_baseline_002,104,D1-35,28.43312094998727,cn-d-01|sea-01|us-r-01
D1_pilot_baseline_002,105,D1-35,14.169905372081047,cn-d-02|sea-04|us-r-04
D1_pilot_baseline_002,106,D1-36,29.105390251937422,cn-d-01|sea-01|us-r-01
D1_pilot_baseline_002,107,D1-36,0.3968112824823932,cn-d-01|sea-03|us-r-04
D1_pilot_baseline_002,108,D1-36,20.997798465580185,cn-r-01|sea-01|us-d-01
D1_pilot_baseline_002,109,D1-37,23.505726827511563,cn-r-01|sea-01|us-r-01
D1_pilot_baseline_002,110,D1-37,12.816100107351414,cn-r-01|sea-03|us-r-04
D1_pilot_baseline_002,111,D1-37,4.678173065137024,cn-d-01|sea-01|us-r-01
D1_pilot_baseline_002,112,D1-38,13.814365295652067,cn-r-01|sea-01|us-r-01
D1_pilot_baseline_002,113,D1-38,25.308591723815873,cn-r-02|sea-04|us-r-04
D1_pilot_baseline_002,114,D1-38,2.8770429805320603,cn-d-01|sea-01|us-d-01
D1_pilot_baseline_002,115,D1-39,18.803313382198084,cn-r-01|sea-01|us-r-01
D1_pilot_baseline_002,116,D1-39,16.32742333454889,cn-r-01|sea-03|us-r-04
D1_pilot_baseline_002,117,D1-39,34.86926328325303,cn-d-02|sea-04|us-r-04
D1_pilot_baseline_002,118,D1-40,20.806182175829722,cn-r-02|sea-04|us-r-04
D1_pilot_baseline_002,119,D1-40,14.773894709648491,cn-d-01|sea-01|us-r-01
D1_pilot_baseline_002,120,D1-40,20.919923114521787,cn-d-02|sea-04|us-r-04
D2_pilot_baseline_001,1,D2-01,20.82507165710654,cn-r-01|sea-01|us-r-02
D2_pilot_baseline_001,2,D2-01,15.142841887179548,cn-d-01|sea-01|us-r-02
D2_pilot_baseline_001,3,D2-01,24.03208645571391,cn-r-01|sea-01|us-d-02
D2_pilot_baseline_001,4,D2-02,7.500134261602954,cn-r-01|sea-01|us-r-02
D2_pilot_baseline_001,5,D2-02,15.401335682094457,cn-d-01|sea-01|us-r-02
D2_pilot_baseline_001,6,D2-02,32.09853005630259,cn-d-01|sea-01|us-d-02
D2_pilot_baseline_001,7,D2-03,27.690189677927062,cn-d-01|sea-01|us-r-02
D2_pilot_baseline_001,8,D2-03,8.702924709955573,cn-r-01|sea-01|us-d-02
D2_pilot_baseline_001,9,D2-03,13.606885612117367,cn-d-01|sea-01|us-d-02
D2_pilot_baseline_001,10,D2-04,23.97949945506467,cn-r-01|sea-01|us-r-02
D2_pilot_baseline_001,11,D2-04,17.853812866344416,cn-d-01|sea-01|us-r-02
D2_pilot_baseline_001,12,D2-04,5.666687678590918,cn-r-01|sea-01|us-d-02
D2_pilot_baseline_001,13,D2-05,21.016244365818633,cn-r-01|sea-01|us-r-02
D2_pilot_baseline_001,14,D2-05,17.168691214565776,cn-d-01|sea-01|us-r-02
D2_pilot_baseline_001,15,D2-05,26.815064419615595,cn-d-01|sea-01|us-d-02
D2_pilot_baseline_001,16,D2-06,2.563722048982597,cn-r-02|sea-04|us-r-05
D2_pilot_baseline_001,17,D2-06,31.943511383412865,cn-d-02|sea-04|us-r-05
D2_pilot_baseline_001,18,D2-06,22.99276656760454,cn-d-01|sea-01|us-d-02
D2_pilot_baseline_001,19,D2-07,21.005569500696293,cn-d-01|sea-01|us-r-02
D2_pilot_baseline_001,20,D2-07,27.138237938832994,cn-r-02|sea-04|us-r-05
D2_pilot_baseline_001,21,D2-07,4.356192560470717,cn-d-01|sea-03|us-r-05
D2_pilot_baseline_001,22,D2-08,21.556130069724578,cn-r-02|sea-04|us-r-05
D2_pilot_baseline_001,23,D2-08,14.338231121412395,cn-d-02|sea-04|us-r-05
D2_pilot_baseline_001,24,D2-08,9.105638808863027,cn-d-01|sea-01|us-d-02
D2_pilot_baseline_001,25,D2-09,17.150860973039652,cn-d-01|sea-01|us-r-02
D2_pilot_baseline_001,26,D2-09,31.63612408558468,cn-r-02|sea-04|us-r-05
D2_pilot_baseline_001,27,D2-09,13.713014941375668,cn-d-01|sea-01|us-d-02
D2_pilot_baseline_001,28,D2-10,2.802463361696228,cn-r-01|sea-01|us-r-02
D2_pilot_baseline_001,29,D2-10,66.20134973140645,cn-r-01|sea-03|us-r-05
D2_pilot_baseline_001,30,D2-10,0.9961869068973215,cn-d-01|sea-03|us-r-05
D2_pilot_baseline_001,31,D2-11,9.55126982273803,cn-r-01|sea-01|us-r-02
D2_pilot_baseline_001,32,D2-11,26.114522912811275,cn-d-02|sea-04|us-r-05
D2_pilot_baseline_001,33,D2-11,4.834207264450697,cn-d-01|sea-01|us-d-02
D2_pilot_baseline_001,34,D2-12,1.441605386626932,cn-r-01|sea-01|us-r-02
D2_pilot_baseline_001,35,D2-12,21.919766647440028,cn-d-01|sea-01|us-r-02
D2_pilot_baseline_001,36,D2-12,39.13862796593304,cn-r-01|sea-01|us-d-02
D2_pilot_baseline_001,37,D2-13,41.506581504041954,cn-r-01|sea-01|us-r-02
D2_pilot_baseline_001,38,D2-13,22.482224259879906,cn-d-01|sea-01|us-r-02
D2_pilot_baseline_001,39,D2-13,1.5111942360781399,cn-d-01|sea-03|us-r-05
D2_pilot_baseline_001,40,D2-14,13.62771807792508,cn-d-01|sea-01|us-r-02
D2_pilot_baseline_001,41,D2-14,30.116592105751703,cn-r-01|sea-03|us-r-05
D2_pilot_baseline_001,42,D2-14,1.755689816323219,cn-r-02|sea-04|us-r-05
D2_pilot_baseline_001,43,D2-15,42.29325180821319,cn-r-01|sea-01|us-r-02
D2_pilot_baseline_001,44,D2-15,9.249121247375758,cn-r-02|sea-04|us-r-05
D2_pilot_baseline_001,45,D2-15,9.457626944411047,cn-d-02|sea-04|us-r-05
D2_pilot_baseline_001,46,D2-16,11.700740511448855,cn-d-01|sea-01|us-r-02
D2_pilot_baseline_001,47,D2-16,44.21462171242585,cn-r-02|sea-04|us-r-05
D2_pilot_baseline_001,48,D2-16,7.084637776125291,cn-d-02|sea-04|us-r-05
D2_pilot_baseline_001,49,D2-17,10.3572856130032,cn-r-01|sea-01|us-r-02
D2_pilot_baseline_001,50,D2-17,19.135696394871687,cn-d-01|sea-01|us-r-02
D2_pilot_baseline_001,51,D2-17,15.507017992125114,cn-r-01|sea-01|us-d-02
D2_pilot_baseline_001,52,D2-18,37.13559708348996,cn-r-01|sea-03|us-r-05
D2_pilot_baseline_001,53,D2-18,9.501194732891445,cn-r-02|sea-04|us-r-05
D2_pilot_baseline_001,54,D2-18,2.863208183618596,cn-d-01|sea-03|us-r-05
D2_pilot_baseline_001,55,D2-19,44.87703421000645,cn-r-01|sea-01|us-r-02
D2_pilot_baseline_001,56,D2-19,3.273774998305008,cn-d-01|sea-01|us-r-02
D2_pilot_baseline_001,57,D2-19,26.849190791688542,cn-d-01|sea-01|us-d-02
D2_pilot_baseline_001,58,D2-20,30.168743306072006,cn-r-01|sea-01|us-r-02
D2_pilot_baseline_001,59,D2-20,19.88266309021921,cn-r-02|sea-04|us-r-05
D2_pilot_baseline_001,60,D2-20,1.4485936037087868,cn-r-01|sea-01|us-d-02
D2_pilot_baseline_001,61,D2-21,34.57870512145809,cn-d-01|sea-01|us-r-02
D2_pilot_baseline_001,62,D2-21,35.39505062165197,cn-r-01|sea-03|us-r-05
D2_pilot_baseline_001,63,D2-21,3.026244256889939,cn-d-01|sea-03|us-r-05
D2_pilot_baseline_001,64,D2-22,14.001132921849539,cn-r-01|sea-01|us-r-02
D2_pilot_baseline_001,65,D2-22,27.9870261545803,cn-d-01|sea-01|us-r-02
D2_pilot_baseline_001,66,D2-22,5.011840923570162,cn-r-02|sea-04|us-r-05
D2_pilot_baseline_001,67,D2-23,19.92526158260395,cn-r-01|sea-01|us-r-02
D2_pilot_baseline_001,68,D2-23,27.782038841565228,cn-d-01|sea-01|us-r-02
D2_pilot_baseline_001,69,D2-23,13.292699575830824,cn-r-01|sea-01|us-d-02
D2_pilot_baseline_001,70,D2-24,11.780181243401703,cn-r-02|sea-04|us-r-05
D2_pilot_baseline_001,71,D2-24,2.8467513606103325,cn-d-01|sea-03|us-r-05
D2_pilot_baseline_001,72,D2-24,39.37306739598797,cn-d-02|sea-04|us-r-05
D2_pilot_baseline_001,73,D2-25,6.731514624319273,cn-r-01|sea-03|us-r-05
D2_pilot_baseline_001,74,D2-25,26.027921496560037,cn-r-02|sea-04|us-r-05
D2_pilot_baseline_001,75,D2-25,10.740563879120693,cn-r-01|sea-01|us-d-02
D2_pilot_baseline_001,76,D2-26,18.954230135648462,cn-r-01|sea-01|us-r-02
D2_pilot_baseline_001,77,D2-26,21.61595101571146,cn-d-01|sea-01|us-r-02
D2_pilot_baseline_001,78,D2-26,15.929818848640082,cn-d-02|sea-04|us-r-05
D2_pilot_baseline_001,79,D2-27,37.24366024902667,cn-d-01|sea-01|us-r-02
D2_pilot_baseline_001,80,D2-27,3.6704154067987407,cn-r-01|sea-03|us-r-05
D2_pilot_baseline_001,81,D2-27,33.58592434417459,cn-d-02|sea-04|us-r-05
D2_pilot_baseline_001,82,D2-28,21.177829718500863,cn-r-01|sea-01|us-r-02
D2_pilot_baseline_001,83,D2-28,1.5135442521228564,cn-d-01|sea-03|us-r-05
D2_pilot_baseline_001,84,D2-28,29.80862602937628,cn-d-02|sea-04|us-r-05
D2_pilot_baseline_001,85,D2-29,3.5762037198456813,cn-r-02|sea-04|us-r-05
D2_pilot_baseline_001,86,D2-29,31.757861125444588,cn-d-01|sea-03|us-r-05
D2_pilot_baseline_001,87,D2-29,5.665935154709729,cn-d-01|sea-01|us-d-02
D2_pilot_baseline_001,88,D2-30,14.86720760921302,cn-r-01|sea-01|us-r-02
D2_pilot_baseline_001,89,D2-30,0.4420034392570123,cn-r-01|sea-03|us-r-05
D2_pilot_baseline_001,90,D2-30,52.69078895152997,cn-d-01|sea-01|us-d-02
D2_pilot_baseline_001,91,D2-31,23.726588256783238,cn-r-01|sea-01|us-r-02
D2_pilot_baseline_001,92,D2-31,19.38026077316046,cn-d-01|sea-01|us-r-02
D2_pilot_baseline_001,93,D2-31,23.393150970056297,cn-d-01|sea-01|us-d-02
D2_pilot_baseline_001,94,D2-32,9.88386184699509,cn-r-01|sea-01|us-r-02
D2_pilot_baseline_001,95,D2-32,16.82661587490367,cn-r-02|sea-04|us-r-05
D2_pilot_baseline_001,96,D2-32,19.289522278101238,cn-d-01|sea-03|us-r-05
D2_pilot_baseline_001,97,D2-33,15.366181080781562,cn-r-01|sea-01|us-r-02
D2_pilot_baseline_001,98,D2-33,6.447029227450713,cn-d-01|sea-01|us-r-02
D2_pilot_baseline_001,99,D2-33,27.186789691767725,cn-r-01|sea-01|us-d-02
D2_pilot_baseline_001,100,D2-34,17.64346466034656,cn-r-01|sea-01|us-r-02
D2_pilot_baseline_001,101,D2-34,15.604630609796674,cn-d-01|sea-01|us-r-02
D2_pilot_baseline_001,102,D2-34,19.75190472985677,cn-r-01|sea-01|us-d-02
D2_pilot_baseline_001,103,D2-35,19.52281502506052,cn-r-01|sea-03|us-r-05
D2_pilot_baseline_001,104,D2-35,1.8608592684800576,cn-r-02|sea-04|us-r-05
D2_pilot_baseline_001,105,D2-35,36.61632570645942,cn-d-01|sea-03|us-r-05
D2_pilot_baseline_001,106,D2-36,32.033753464753566,cn-r-01|sea-01|us-r-02
D2_pilot_baseline_001,107,D2-36,18.122438887330084,cn-d-01|sea-01|us-r-02
D2_pilot_baseline_001,108,D2-36,0.3438076479163499,cn-r-02|sea-04|us-r-05
D2_pilot_baseline_001,109,D2-37,20.491601544900398,cn-r-01|sea-01|us-r-02
D2_pilot_baseline_001,110,D2-37,18.813212125751683,cn-d-01|sea-01|us-r-02
D2_pilot_baseline_001,111,D2-37,1.6951863293479192,cn-r-02|sea-04|us-r-05
D2_pilot_baseline_001,112,D2-38,6.3828631373027305,cn-r-01|sea-01|us-r-02
D2_pilot_baseline_001,113,D2-38,27.87712166397337,cn-d-01|sea-01|us-r-02
D2_pilot_baseline_001,114,D2-38,7.740015198723903,cn-d-02|sea-04|us-r-05
D2_pilot_baseline_001,115,D2-39,35.845004445293036,cn-r-01|sea-01|us-r-02
D2_pilot_baseline_001,116,D2-39,1.6151232932934403,cn-d-01|sea-03|us-r-05
D2_pilot_baseline_001,117,D2-39,32.53987226141352,cn-r-01|sea-01|us-d-02
D2_pilot_baseline_001,118,D2-40,11.572929081215358,cn-d-01|sea-01|us-r-02
D2_pilot_baseline_001,119,D2-40,6.385367868538218,cn-r-02|sea-04|us-r-05
D2_pilot_baseline_001,120,D2-40,38.541703050246426,cn-d-02|sea-04|us-r-05
D3_pilot_baseline_001,1,D3-01,33.88510403989178,cn-r-01|sea-01|us-r-03
D3_pilot_baseline_001,2,D3-01,11.48785122659612,cn-d-01|sea-01|us-r-03
D3_pilot_baseline_001,3,D3-01,14.6270447335121,cn-r-01|sea-01|us-d-03
D3_pilot_baseline_001,4,D3-02,41.378962965061454,cn-d-01|sea-01|us-r-03
D3_pilot_baseline_001,5,D3-02,3.575247092004166,cn-r-01|sea-01|us-d-03
D3_pilot_baseline_001,6,D3-02,10.045789942934377,cn-d-01|sea-01|us-d-03
D3_pilot_baseline_001,7,D3-03,19.3111698947499,cn-r-01|sea-01|us-r-03
D3_pilot_baseline_001,8,D3-03,19.095551568511837,cn-d-01|sea-01|us-r-03
D3_pilot_baseline_001,9,D3-03,11.593278536738268,cn-d-01|sea-01|us-d-03
D3_pilot_baseline_001,10,D3-04,27.98267834072947,cn-r-01|sea-01|us-r-03
D3_pilot_baseline_001,11,D3-04,10.412388885512566,cn-d-01|sea-01|us-r-03
D3_pilot_baseline_001,12,D3-04,9.104932773757966,cn-d-01|sea-01|us-d-03
D3_pilot_baseline_001,13,D3-05,27.93671345339173,cn-r-01|sea-01|us-r-03
D3_pilot_baseline_001,14,D3-05,13.895787897583304,cn-r-02|sea-04|us-r-06
D3_pilot_baseline_001,15,D3-05,23.167498649024964,cn-d-01|sea-01|us-r-03
D3_pilot_baseline_001,16,D3-06,39.65933161835968,cn-r-01|sea-01|us-r-03
D3_pilot_baseline_001,17,D3-06,5.278272197413238,cn-r-01|sea-03|us-r-06
D3_pilot_baseline_001,18,D3-06,12.562396184227083,cn-d-01|sea-01|us-r-03
D3_pilot_baseline_001,19,D3-07,4.008174574659804,cn-r-01|sea-01|us-r-03
D3_pilot_baseline_001,20,D3-07,16.6683496458539,cn-r-02|sea-04|us-r-06
D3_pilot_baseline_001,21,D3-07,31.823475779486294,cn-d-02|sea-04|us-r-06
D3_pilot_baseline_001,22,D3-08,2.6961568292364837,cn-r-01|sea-03|us-r-06
D3_pilot_baseline_001,23,D3-08,36.72584512173923,cn-r-02|sea-04|us-r-06
D3_pilot_baseline_001,24,D3-08,5.577998049024281,cn-d-02|sea-04|us-r-06
D3_pilot_baseline_001,25,D3-09,15.175306143973023,cn-r-01|sea-03|us-r-06
D3_pilot_baseline_001,26,D3-09,46.33818950188944,cn-d-01|sea-03|us-r-06
D3_pilot_baseline_001,27,D3-09,0.9865043541375371,cn-d-01|sea-01|us-d-03
D3_pilot_baseline_001,28,D3-10,47.84766444895973,cn-r-01|sea-03|us-r-06
D3_pilot_baseline_001,29,D3-10,3.8419004403417825,cn-d-01|sea-01|us-r-03
D3_pilot_baseline_001,30,D3-10,18.310435110698485,cn-d-01|sea-03|us-r-06
D3_pilot_baseline_001,31,D3-11,12.094501439793037,cn-r-01|sea-01|us-r-03
D3_pilot_baseline_001,32,D3-11,27.903796841447598,cn-r-02|sea-04|us-r-06
D3_pilot_baseline_001,33,D3-11,0.5017017187593638,cn-r-01|sea-01|us-d-03
D3_pilot_baseline_001,34,D3-12,46.48782088280755,cn-r-01|sea-01|us-r-03
D3_pilot_baseline_001,35,D3-12,10.296879113517916,cn-r-02|sea-04|us-r-06
D3_pilot_baseline_001,36,D3-12,5.715300003674535,cn-d-01|sea-01|us-d-03
D3_pilot_baseline_001,37,D3-13,29.604282065397758,cn-r-01|sea-01|us-r-03
D3_pilot_baseline_001,38,D3-13,27.118899172413865,cn-d-01|sea-01|us-r-03
D3_pilot_baseline_001,39,D3-13,8.776818762188377,cn-r-01|sea-01|us-d-03
D3_pilot_baseline_001,40,D3-14,15.201267422282507,cn-r-01|sea-03|us-r-06
D3_pilot_baseline_001,41,D3-14,20.16540534556242,cn-d-01|sea-03|us-r-06
D3_pilot_baseline_001,42,D3-14,10.133327232155075,cn-d-02|sea-04|us-r-06
D3_pilot_baseline_001,43,D3-15,40.57988216887426,cn-r-02|sea-04|us-r-06
D3_pilot_baseline_001,44,D3-15,9.991779839929908,cn-d-01|sea-01|us-r-03
D3_pilot_baseline_001,45,D3-15,10.428337991195832,cn-d-01|sea-03|us-r-06
D3_pilot_baseline_001,46,D3-16,29.599875236746865,cn-r-01|sea-01|us-r-03
D3_pilot_baseline_001,47,D3-16,3.0612977030082114,cn-d-01|sea-01|us-r-03
D3_pilot_baseline_001,48,D3-16,30.338827060244924,cn-r-01|sea-01|us-d-03
D3_pilot_baseline_001,49,D3-17,22.272186766955222,cn-r-01|sea-01|us-r-03
D3_pilot_baseline_001,50,D3-17,20.299095041772865,cn-d-01|sea-01|us-r-03
D3_pilot_baseline_001,51,D3-17,2.428718191271912,cn-r-01|sea-01|us-d-03
D3_pilot_baseline_001,52,D3-18,32.44902493605221,cn-r-02|sea-04|us-r-06
D3_pilot_baseline_001,53,D3-18,5.146808259994035,cn-d-01|sea-01|us-r-03
D3_pilot_baseline_001,54,D3-18,11.904166803953757,cn-d-02|sea-04|us-r-06
D3_pilot_baseline_001,55,D3-19,12.97175779405844,cn-r-01|sea-01|us-r-03
D3_pilot_baseline_001,56,D3-19,23.831443358408944,cn-d-01|sea-01|us-r-03
D3_pilot_baseline_001,57,D3-19,38.19679884753262,cn-d-01|sea-01|us-d-03
D3_pilot_baseline_001,58,D3-20,45.67428417936725,cn-r-01|sea-01|us-r-03
D3_pilot_baseline_001,59,D3-20,1.3927473496242344,cn-d-01|sea-03|us-r-06
D3_pilot_baseline_001,60,D3-20,4.432968471008515,cn-d-02|sea-04|us-r-06
D3_pilot_baseline_001,61,D3-21,1.0822767378377958,cn-r-01|sea-01|us-r-03
D3_pilot_baseline_001,62,D3-21,18.804317476093715,cn-d-01|sea-03|us-r-06
D3_pilot_baseline_001,63,D3-21,53.11340578606849,cn-d-02|sea-04|us-r-06
D3_pilot_baseline_001,64,D3-22,6.12599838566957,cn-r-01|sea-01|us-r-03
D3_pilot_baseline_001,65,D3-22,29.3021812689731,cn-d-01|sea-01|us-r-03
D3_pilot_baseline_001,66,D3-22,11.571820345357331,cn-r-01|sea-01|us-d-03
D3_pilot_baseline_001,67,D3-23,37.31182174308208,cn-r-01|sea-01|us-r-03
D3_pilot_baseline_001,68,D3-23,15.34412608545777,cn-d-01|sea-01|us-r-03
D3_pilot_baseline_001,69,D3-23,8.344052171460149,cn-d-01|sea-01|us-d-03
D3_pilot_baseline_001,70,D3-24,15.66244679578618,cn-r-02|sea-04|us-r-06
D3_pilot_baseline_001,71,D3-24,21.519573540276113,cn-d-01|sea-01|us-r-03
D3_pilot_baseline_001,72,D3-24,16.817979663937706,cn-d-02|sea-04|us-r-06
D3_pilot_baseline_001,73,D3-25,2.573330017944584,cn-r-01|sea-01|us-r-03
D3_pilot_baseline_001,74,D3-25,27.476064246227367,cn-r-02|sea-04|us-r-06
D3_pilot_baseline_001,75,D3-25,13.450605735828049,cn-d-01|sea-03|us-r-06
D3_pilot_baseline_001,76,D3-26,22.038513576595417,cn-r-02|sea-04|us-r-06
D3_pilot_baseline_001,77,D3-26,27.742074809497932,cn-d-02|sea-04|us-r-06
D3_pilot_baseline_001,78,D3-26,6.719411613906651,cn-r-01|sea-01|us-d-03
D3_pilot_baseline_001,79,D3-27,59.33419914790415,cn-r-01|sea-01|us-r-03
D3_pilot_baseline_001,80,D3-27,1.3915729448444327,cn-d-01|sea-01|us-r-03
D3_pilot_baseline_001,81,D3-27,13.774227907251415,cn-d-02|sea-04|us-r-06
D3_pilot_baseline_001,82,D3-28,16.332345844099304,cn-r-01|sea-01|us-r-03
D3_pilot_baseline_001,83,D3-28,12.935448531958897,cn-r-02|sea-04|us-r-06
D3_pilot_baseline_001,84,D3-28,23.232205623941798,cn-r-01|sea-01|us-d-03
D3_pilot_baseline_001,85,D3-29,11.315466602601381,cn-r-01|sea-01|us-r-03
D3_pilot_baseline_001,86,D3-29,2.589255306574362,cn-d-01|sea-03|us-r-06
D3_pilot_baseline_001,87,D3-29,27.09527809082426,cn-d-02|sea-04|us-r-06
D3_pilot_baseline_001,88,D3-30,11.625515607852893,cn-d-01|sea-01|us-r-03
D3_pilot_baseline_001,89,D3-30,36.76203137539639,cn-r-01|sea-01|us-d-03
D3_pilot_baseline_001,90,D3-30,19.61245301675072,cn-d-01|sea-01|us-d-03
D3_pilot_baseline_001,91,D3-31,39.2074550399528,cn-r-01|sea-01|us-r-03
D3_pilot_baseline_001,92,D3-31,7.9517467967762165,cn-d-01|sea-01|us-r-03
D3_pilot_baseline_001,93,D3-31,19.34079816327099,cn-r-01|sea-01|us-d-03
D3_pilot_baseline_001,94,D3-32,8.879434803204754,cn-r-01|sea-01|us-r-03
D3_pilot_baseline_001,95,D3-32,37.12056519679525,cn-r-02|sea-04|us-r-06
D3_pilot_baseline_001,96,D3-33,4.174736869910587,cn-r-02|sea-04|us-r-06
D3_pilot_baseline_001,97,D3-33,20.173345155239993,cn-d-01|sea-01|us-r-03
D3_pilot_baseline_001,98,D3-33,24.651917974849418,cn-d-01|sea-01|us-d-03
D3_pilot_baseline_001,99,D3-34,2.2574067285892356,cn-r-01|sea-01|us-r-03
D3_pilot_baseline_001,100,D3-34,16.484945236052738,cn-d-01|sea-01|us-r-03
D3_pilot_baseline_001,101,D3-34,34.25764803535803,cn-d-02|sea-04|us-r-06
D3_pilot_baseline_001,102,D3-35,38.37371932933572,cn-r-02|sea-04|us-r-06
D3_pilot_baseline_001,103,D3-35,0.2347328015775457,cn-d-01|sea-01|us-r-03
D3_pilot_baseline_001,104,D3-35,19.391547869086736,cn-r-01|sea-01|us-d-03
D3_pilot_baseline_001,105,D3-36,16.33689265950065,cn-r-01|sea-01|us-r-03
D3_pilot_baseline_001,106,D3-36,23.413120857879072,cn-d-01|sea-01|us-r-03
D3_pilot_baseline_001,107,D3-36,10.74998648262028,cn-d-01|sea-01|us-d-03
D3_pilot_baseline_001,108,D3-37,22.02051802211655,cn-r-01|sea-01|us-r-03
D3_pilot_baseline_001,109,D3-37,12.059365718372122,cn-r-02|sea-04|us-r-06
D3_pilot_baseline_001,110,D3-37,6.920116259511325,cn-r-01|sea-01|us-d-03
D3_pilot_baseline_001,111,D3-38,11.741244286073524,cn-r-01|sea-01|us-r-03
D3_pilot_baseline_001,112,D3-38,19.229220254626537,cn-d-02|sea-04|us-r-06
D3_pilot_baseline_001,113,D3-38,11.02953545929994,cn-r-01|sea-01|us-d-03
D3_pilot_baseline_001,114,D3-39,28.050474277680507,cn-d-02|sea-04|us-r-06
D3_pilot_baseline_001,115,D3-39,21.72911383245196,cn-r-01|sea-01|us-d-03
D3_pilot_baseline_001,116,D3-39,20.220411889867535,cn-d-01|sea-01|us-d-03
D3_pilot_baseline_001,117,D3-40,24.71855982896289,cn-r-01|sea-01|us-r-03
D3_pilot_baseline_001,118,D3-40,11.925655613137561,cn-d-02|sea-04|us-r-06
D3_pilot_baseline_001,119,D3-40,19.855784557899554,cn-d-01|sea-01|us-d-03
